,Name,Rating,Review Count,Price,Address
0,The Eagle,4.5,1562,$$,"1314 Bardstown Rd, Louisville, KY 40204"
1,Hammerheads,4.5,1338,$$,"921 Swan St, Louisville, KY 40204"
2,Oliver's Chop House & Bourbon Bar,4.5,11,,"4520 Poplar Level Rd, Derby City Gaming Hotel, Louisville, KY 40213"
3,Copper & Kings Rooftop Bar & Restaurant,4.5,124,$$,"1121 E Washington St, Copper and Kings, Louisville, KY 40206"
4,Harvey's,5.0,50,,"2011 Frankfort Ave, Louisville, KY 40206"
5,Kup Bop,5.0,4,,"5000 Shelbyville Rd, Louisville, KY 40207"
6,Doc Crow's,4.0,2069,$$,"127 W Main St, Louisville, KY 40202"
7,Paseo,4.5,22,,"900 Baxter Ave, Louisville, KY 40204"
8,Kebab house,5.0,55,,"969 Baxter Ave, Louisville, KY 40204"
9,Bellissimo restaurant,5.0,6,,"2217 Steier Ln, Louisville, KY 40218"
10,Yummy Pollo,4.5,634,$,"4222-B Bishop Ln, Louisville, KY 40218"
11,Gus's World Famous Fried Chicken - Louisville,4.5,60,$$,"117 S Hurstbourne Pkwy, Louisville, KY 40222"
12,CASK Southern Kitchen & Bar,4.5,409,$$,"9980 Linn Station Rd, Louisville, KY 40223"
13,Lou Lou on Market,4.5,65,,"812 E Market St, Louisville, KY 40206"
14,North of Bourbon,4.5,151,$$,"935 Goss Ave, Louisville, KY 40217"
15,District 6,4.5,313,$$,"3930 Shelbyville Rd, Louisville, KY 40207"
16,Big Bad Breakfast - Barret Ave ,4.0,379,$$,"984 Barret Ave, Louisville, KY 40204"
17,Sidebar At Whiskey Row,4.5,791,$$,"129 N 2nd St, Louisville, KY 40202"
18,Veronica's Mexican Restaurant,4.5,20,,"5044 Poplar Level Rd, Louisville, KY 40219"
19,Decade Restaurant,4.5,13,,"1076 E. Washington, St 40206, Louisville, KY 40202"
20,The Village Market Food Hall,4.5,20,,"712 Brent Street, Louisville, KY 40204"
21,The Goose Eatery & Hangout,4.0,30,,"812 Lyndon Ln, Unit 105, Lyndon, KY 40222"
22,La Bodeguita de Mima,4.5,743,$$,"725 E Market St, Louisville, KY 40202"
23,Repeal Oak-Fired Steakhouse,4.5,391,$$$,"101 West Main St, Louisville, KY 40202"
24,Meesh Meesh,5.0,6,,"636 E Market St, Louisville, KY 40202"
25,Red Hog Restaurant,4.5,114,$$,"2622 Frankfort Ave, Louisville, KY 40206"
26,GOGi 1055 Korean BBQ,4.5,149,$$$,"1055 Bardstown Rd, Louisville, KY 40204"
27,Haymarket by Ashbourne Farms,4.0,28,,"3020 River Rd, Louisville, KY 40207"
28,Eden & Kissi,4.5,108,,"3912 Bardstown Rd, Louisville, KY 40218"
29,The Fat Lamb,4.5,307,$$$,"2011 Grinstead Dr, Ste 104, Louisville, KY 40204"
30,Against The Grain Public House ,4.0,1269,$$,"401 E Main St, Louisville, KY 40202"
31,Nami Modern Korean Steakhouse,4.5,51,,"835 E Main St, Louisville, KY 40206"
32,The Black Italian,4.5,18,,"2009 Highland Ave, Louisville, KY 40204"
33,The Smokery,4.5,44,$$,"2354 Frankfort Ave, Louisville, KY 40206"
34,Biscuit Belly - Nulu,4.5,697,$$,"900 E Main St, Louisville, KY 40206"
35,Neighbors Noodles,3.5,10,,"835 E Main St, Ste 105, Louisville, KY 40206"
36,Pig Beach BBQ,3.0,26,,"1201 River Rd, Louisville, KY 40206"
37,Perso,4.5,56,$$,"741 E Oak St, Louisville, KY 40203"
38,Oskar's Slider Bar,4.5,293,$$,"3799 Poplar Level Rd, Louisville, KY 40213"
39,The Charcoal Restaurant,5.0,251,$$,"2805 N Hurstbourne Pkwy, Ste 100, Louisville, KY 40223"
40,In Season,4.5,94,$$,"324 W Main St, Louisville, KY 40202"
41,Ramen House,4.5,375,$$,"1250 Bardstown Rd, Ste 17A, Louisville, KY 40204"
42,Bar Genevieve,5.0,2,,"730 E Market St, Louisville, KY 40202"
43,Porch Kitchen & Bar,3.5,526,$$,"280 W Jefferson St, Louisville, KY 40202"
44,King Buffet,3.0,28,,"3020 Bardstown Rd, Louisville, KY 40205"
45,Hillcrest Tavern,4.5,115,$$,"3212 Frankfort Ave, Louisville, KY 40206"
46,Nic & Norman's,4.0,26,,"108 W Washington St, Louisville, KY 40202"
47,Good Belly Sandwich Shop,4.5,16,,"2216 Dundee Rd, Louisville, KY 40205"
48,Toasty's Tavern,4.5,155,$,"1258 S Shelby St, Louisville, KY 40203"
49,Lupo,4.5,266,$$,"1540 Frankfort Ave, Louisville, KY 40206"
50,Harry's Taphouse & Kitchen,4.5,127,$$,"130 W Riverside Dr, Jeffersonville, IN 47130"
51,Chik'n & Mi,4.5,452,$$,"1765 Mellwood Ave, Louisville, KY 40206"
52,610 Magnolia,4.5,221,$$$$,"610 W Magnolia Ave, Louisville, KY 40208"
53,Fork & Barrel,4.0,235,$$,"1722 Frankfort Ave, Louisville, KY 40206"
54,Nostalgic Cocktail House + Restaurant,4.0,75,,"1306 Bardstown Rd, Louisville, KY 40204"
55,La Suerte Louisville,4.0,101,$$,"2116 Bardstown Rd, Louisville, KY 40205"
56,Syrian Grill,4.5,52,,"3325 Bardstown Rd, Louisville, KY 40218"
57,Jamaican Jerk Center,5.0,14,,"2220 Hikes Ln, Louisville, KY 40218"
58,80/20 @ Kaelin's,3.5,323,$$,"1801 Newburg Rd, Louisville, KY 40205"
59,Butchertown Grocery,4.5,480,$$$,"1076 E Washington St, Fl 1, Louisville, KY 40206"
60,Louie's Hot Chicken & Barbecue,4.5,284,$$,"4222 Poplar Level Rd, Louisville, KY 40213"
61,Bourbon Craft House,4.5,2,,"937 Phillips Ln, Louisville, KY 40209"
62,Jaggers,4.0,147,$,"6464 Dutchmans Pkwy, Louisville, KY 40205"
63,Jack Fry's,4.5,642,$$$,"1007 Bardstown Rd, Louisville, KY 40204"
64,Naïve Kitchen + Bar,4.0,378,$$,"1001 E Washington St, Louisville, KY 40206"
65,River House,4.0,606,$$$,"3015 River Rd, Louisville, KY 40207"
66,LouVino - Highlands,4.5,460,$$,"1606 Bardstown Rd, Louisville, KY 40205"
67,Connor’s Steak and Seafood,4.5,72,,"615 S Hurstbourne Pkwy, Louisville, KY 40222"
68,Wild Eggs,4.5,1370,$$,"121 S Floyd St, Louisville, KY 40202"
69,Doc's Bourbon Room,4.5,57,$$,"129 W Main St, Louisville, KY 40202"
70,Mussel and Burger Bar Downtown,4.5,1160,$$,"113 S 7th St, Louisville, KY 40202"
71,Silvio's,4.5,325,$$,"104 Fairfax Ave, Louisville, KY 40207"
72,Merle's Whiskey Kitchen,4.0,757,$$,"122 W Main St, Louisville, KY 40202"
73,Noche Mexican BBQ,4.0,481,$$,"1838 Bardstown Rd, Ste 100, Louisville, KY 40205"
74,Scooter’s Coffee,4.0,1,,"3410 Preston Hwy, Louisville, KY 40213"
75,The Table,5.0,143,$,"1800 Portland Ave, Louisville, KY 40203"
76,Kern's Korner,4.5,41,$,"2600 Bardstown Rd, Louisville, KY 40205"
77,Wild Swann Restaurant,4.5,27,,"601 W Main St, Louisville, KY 40202"
78,Fresh Out the Box,4.5,30,$,"1001 Logan St, Ste 125, Louisville, KY 40204"
79,Dragon King's Daughter,4.0,601,$$,"1543 Bardstown Rd, Louisville, KY 40204"
80,Le Moo,4.0,865,$$$,"2300 Lexington Rd, Louisville, KY 40206"
81,bar Vetti,4.5,282,$$$,"727 E Market St, Louisville, KY 40202"
82,La Terraza,4.5,33,$$,"654 S 4th St, Louisville, KY 40202"
83,Morning Fork,4.5,214,$$,"1722 Frankfort Ave, Louisville, KY 40206"
84,Swizzle Dinner & Drinks,4.0,205,,"140 N Fourth St, Fl 25, Louisville, KY 40202"
85,Railbirds Hot Chicken,4.5,2,,"4520 Poplar Level Rd, Louisville, KY 40213"
86,Happy Belly Bistro,4.5,32,,"1020 E Washington St, Louisville, KY 40204"
87,Cast Iron Steakhouse,4.0,311,$$,"1207 E Market St, Jeffersonville, IN 47130"
88,El Monstruo Fast Food,5.0,2,,"2101 Production Dr, Ste A, Louisville, KY 40299"
89,Parlour on Frankfort,4.0,91,$$,"2636 Frankfort Ave, Louisville, KY 40206"
90,The Manhattan Project,4.0,211,$$,"2101 Frankfort Ave, Louisville, KY 40206"
91,Wologisi Restaurant,4.5,23,,"3707 Klondike Ln, Louisville, KY 40218"
92,South Seas,4.0,56,,"1301 Story Ave, Louisville, KY 40206"
93,Senora Arepa,4.5,121,$$,"117 St Matthews Ave, Louisville, KY 40207"
94,Louisville StrEatery,4.0,37,$$,"304 W Woodlawn Ave, Louisville, KY 40214"
95,Royals Hot Chicken,4.5,965,$$,"736 E Market St, Louisville, KY 40202"
96,Steak & Bourbon,4.5,357,$$$,"1321 Herr Ln, Ste 130, Louisville, KY 40222"
97,Troll Pub Under the Bridge,4.0,753,$$,"150 W Washington St, Louisville, KY 40202"
98,African Best Restaurant,5.0,7,,"7325 St Andrews Church Rd, Louisville, KY 40214"
99,Four Pegs,4.0,440,$$,"1053 Goss Ave, Louisville, KY 40217"
100,Against The Grain Brewery & Public House - HIGHLANDS,4.0,82,$$,"1576 Bardstown Rd, Louisville, KY 40205"
101,The Red Yeti,4.0,512,$$,"256 Spring St, Jeffersonville, IN 47130"
102,21st In Germantown ,4.0,88,$$,"1481 S Shelby St, Louisville, KY 40217"
103,Gralehaus,4.5,449,$$,"1001 Baxter Ave, Louisville, KY 40204"
104,Dundee Tavern,3.5,177,$$,"2224 Dundee Rd, Louisville, KY 40205"
105,Agave & Rye - Louisville,4.0,501,$$,"426 Baxter Ave, Louisville, KY 40204"
106,Pearl Street Taphouse,4.5,163,$$,"407 Pearl St, Jeffersonville, IN 47130"
107,Guy Fieri's Flavortown Kitchen,5.0,1,,"Louisville, KY 40220"
108,La Chasse,4.5,160,$$$,"1359 Bardstown Rd, Louisville, KY 40204"
109,Renshoku Ramen,3.5,10,,"1161 S 2nd St, Louisville, KY 40203"
110,The GRÜV Sports Bar & Lounge,4.0,54,,"434 W Market St, Louisville, KY 40202"
111,Sapporo Japanese Grill and Sushi,4.0,442,$$,"1706 Bardstown Rd, Louisville, KY 40205"
112,Monnik Beer,4.5,462,$$,"1036 E Burnett Ave, Louisville, KY 40217"
113,El Mundo,4.0,64,,"1767 Bardstown Rd, Louisville, KY 40205"
114,Union Restaurant & GameYard,4.0,154,$$,"115 W Chestnut St, Jeffersonville, IN 47130"
115,Garage Bar,4.0,667,$$,"700 E Market St, Louisville, KY 40202"
116,The Post,4.0,622,$$,"1045 Goss Ave, Louisville, KY 40217"
117,Guacamole Modern Mexican,4.5,242,,"900 E Market St, Louisville, KY 40206"
118,Taqueria Los Gorditos,4.5,28,,"2017 Brownsboro Rd, Louisville, KY 40206"
119,A Toda Madre,4.5,16,,"2100 E Spring St, New Albany, IN 47150"
120,Blue Bay Seafood & Sushi Restaurant,4.5,6,,"4322 Poplar Level Rd, Louisville, KY 40213"
121,Daisuki Sushi,4.5,23,,"1604 Bardstown Rd, Louisville, KY 40205"
122,Brendon's Catch 23,4.0,407,$$$,"505 S 4th St, Louisville, KY 40202"
123,Galaxie,4.5,174,$$,"732 E Market St, Louisville, KY 40202"
124,The House of Marigold,4.0,76,$$,"10310 Shelbyville Rd, Louisville, KY 40223"
125,Blondie & Jim’s Bistro,4.5,16,,"10711 Meeting St, Prospect, KY 40059"
126,Lee's Korean Restaurant,4.5,170,$$,"1941 Bishop Ln, Ste 107, Louisville, KY 40218"
127,Havana Rumba & Tapas Bar,4.5,455,$$,"2210 Bardstown Rd, Louisville, KY 40205"
128,Ciao Ristorante,4.0,292,$$,"1201 Payne St, Louisville, KY 40204"
129,"Momma's Mustard, Pickles & BBQ",4.5,859,$$,"102 Bauer Ave, Louisville, KY 40207"
130,Currito,4.5,41,,"6460 Dutchmans Pkwy, Louisville, KY 40205"
131,Str8 Drop,5.0,5,,"304 W Woodlawn Ave, Louisville, KY 40214"
132,Barrel Bar and Grill,3.5,25,,"110 W Main St, Louisville, KY 40202"
133,Goodbounce Pickleball Yard,5.0,2,$$,"1515 River Shore Dr, Louisville, KY 40206"
134,The Silver Dollar,4.0,841,$$,"1761 Frankfort Ave, Louisville, KY 40206"
135,Borsalino Cafe & Deli,4.5,36,$,"3825 Bardstown Rd, Louisville, KY 40218"
136,Proof on Main,4.0,945,$$$,"702 West Main St, Louisville, KY 40202"
137,Mussel and Burger Bar,4.5,1155,$$,"9200 Taylorsville Rd, Louisville, KY 40299"
138,Maya Bagel Express,4.5,74,$,"3029 Poplar Level Rd, Louisville, KY 40217"
139,Simply Thai,4.0,495,$$,"323 Wallace Ave, Louisville, KY 40207"
140,Neighborhood Services,3.5,133,$$,"400 S 2nd St, Louisville, KY 40202"
141,Feast BBQ,4.0,1024,$$,"909 E Market St, Ste 100, Louisville, KY 40206"
142,Rosettes,4.0,5,,"750 E Market St, Louisville, KY 40202"
143,Mojito in Havana,4.5,154,$$,"3939 Shelbyville Rd, Ste 103, Louisville, KY 40207"
144,Oishii Sushi,4.0,324,$$,"2810 Taylorsville Rd, Louisville, KY 40205"
145,Alchemy Restaurant ,5.0,107,$$,"10640 Meeting St, Ste 10640, Prospect, KY 40059"
146,Copper & Kings Distillery,4.5,331,$$,"1121 E Washington St, Louisville, KY 40206"
147,Old Louisville Tavern,4.0,208,$$,"1532 S 4th St, Louisville, KY 40208"
148,Chick-fil-A Little Blue Menu,4.0,1,,"7900 Shelbyville Rd, Louisville, KY 40222"
149,Sarang,4.5,213,$$,"1908 Eastern Pkwy, Louisville, KY 40204"
150,Foko,4.5,73,,"1001 Logan St, Ste 124, Logan Street Market, Louisville, KY 40204"
151,Big Bad Breakfast - Brownsboro Crossing,4.0,155,$$,"5050 Norton Healthcare Blvd, Louisville, KY 40241"
152,Bakersfield,4.5,5,,"1064 Bardstown Rd, Louisville, KY 40204"
153,Barcelona Bistro Bar,4.5,131,,"10415 Taylorsville Rd, Louisville, KY 40299"
154,PokeHana,4.5,120,$$,"436 W Market St, Louisville, KY 40202"
155,Wacky Nachos,5.0,3,,"2602 Charlestown Rd, New Albany, IN 47150"
156,Noosh Nosh,4.0,204,$$,"4816 Brownsboro Ctr, Louisville, KY 40207"
157,Mirage Mediterranean Restaurant,4.5,312,$$,"4100 Preston Hwy, Louisville, KY 40213"
158,The Capital Grille,4.0,70,,"7600 Shelbyville Rd, Louisville, KY 40222"
159,Hooked on Frankfort,3.5,73,$$,"3200 Frankfort Ave, Louisville, KY 40206"
160,Queen of Sheba,4.5,287,$$,"2804 Taylorsville Rd, Louisville, KY 40257"
161,Las Cazuelas Mexican Cuisine,4.5,82,$$,"4214 Bishop Ln, Louisville, KY 40218"
162,Chef Shaqs Kitchen,4.5,28,,"612 S 5th St, Louisville, KY 40202"
163,Parlour - Downtown Louisville,4.0,90,$$,"133 West Liberty St, Louisville, KY 40202"
164,Bistro Le Relais,4.0,98,$$$,"2817 Taylorsville Rd, Louisville, KY 40205"
165,Mayan Cafe,4.5,870,$$,"813 E Market St, Louisville, KY 40206"
166,Zanzabar,4.5,214,$$,"2100 S Preston St, Louisville, KY 40217"
167,Grind Burger Kitchen,4.0,711,$$,"829 E Market St, Louisville, KY 40206"
168,On The Rocks Burgers & Bar,3.5,10,$$,"601 W Riverside Dr, Jeffersonville, IN 47130"
169,Mi Sueño Cuban Express,4.5,93,$,"3425 Bardstown Rd, Louisville, KY 40218"
170,Muscle Monkey Grill,5.0,1,,"987 Barret Ave, Louisville, KY 40204"
171,Southern Restaurant & Lounge,3.5,5,,"301 W Market St, Louisville, KY 40202"
172,The Fish House/Cafe Beignet,4.5,339,$,"1310 Winter Ave, Louisville, KY 40204"
173,Mochi Dog,4.0,17,,"304 W Woodlawn Ave, Louisville, KY 40214"
174,Sway,3.5,180,$$,"311 S 4th St, Louisville, KY 40202"
175,Blue Dog Bakery & Cafe,4.5,326,$$,"2868 Frankfort Ave, Louisville, KY 40206"
176,Deapster 502,5.0,4,,"1001 Logan St, Louisville, KY 40204"
177,Dragon King's Daughter,4.0,10,$,"1543 Bardstown Rd, Louisville, KY 40201"
178,Time 4 Thai,4.0,300,$$,"2206 Frankfort Ave, Louisville, KY 40206"
179,Sarino,4.0,262,$$,"1030 Goss Ave, Louisville, KY 40217"
180,Funmi's Cafe,4.0,90,$$,"3028 Bardstown Rd, Louisville, KY 40205"
181,Mirage Mediterranean Express,4.5,12,,"4000 Dutchmans Ln, Louisville, KY 40207"
182,The Hub Louisville,4.0,308,$$,"2235 Frankfort Ave, Louisville, KY 40206"
183,Buck's Restaurant & Bar,4.5,252,$$$,"425 W Ormsby Ave, Louisville, KY 40203"
184,Cottage Inn,4.0,121,$,"570 Eastern Pkwy, Louisville, KY 40217"
185,Upland Brewing - Jeffersonville,3.5,150,$$,"707 W Riverside Dr, Jeffersonville, IN 47130"
186,Thai Noodles,4.5,229,$,"5800 Preston Hwy, Louisville, KY 40219"
187,211 Clover Lane,4.0,62,$$$$,"211 Clover Ln, Louisville, KY 40207"
188,Vietnam Kitchen,4.5,608,$$,"5339 Mitscher Ave, Louisville, KY 40214"
189,Bodega Mi Sueno,4.0,30,$,"3646 Mall Rd, Louisville, KY 40218"
190,Biscuit Belly -  St  Matthews,4.5,187,$$,"3723 Lexington Rd, Louisville, KY 40207"
191,Open Caribbean Kitchen,4.5,37,,"4735 Poplar Level Rd, Ste 1, Louisville, KY 40213"
192,Game,4.5,443,$$,"2295 Lexington Rd, Louisville, KY 40206"
193,Grassa Gramma,4.0,429,$$$,"2210 Holiday Manor Ctr, Louisville, KY 40222"
194,Kayrouz Cafe,4.5,73,$$,"3801 Willis Ave, Louisville, KY 40207"
195,Founders' Cafe,4.5,8,$,"2825 Lexington Rd, Louisville, KY 40280"
196,Orange Clover Kitchen & More,4.5,87,$$,"590 Missouri Ave, Ste 100, Jeffersonville, IN 47130"
197,Burger Girl Diner,3.5,175,$$,"3344 Frankfort Ave, Louisville, KY 40206"
198,Pho Ba Luu,4.0,340,$$,"1019 E Main St, Louisville, KY 40206"
199,Namnam Cafe,4.0,270,$$,"318 Wallace Ave, St. Matthews, KY 40207"
200,Havana Night Restaurant & Cabaret ,3.5,10,,"649 S 4th St, Louisville, KY 40202"
201,Bahn Thai,4.5,152,$,"8125 Bardstown Rd, Louisville, KY 40291"
202,Vinaigrette Salad Kitchen,4.0,6,,"3012 Bardstown Rd, Louisville, KY 40205"
203,First Watch,4.0,104,$$,"2225 Taylorsville Rd, Louisville, KY 40205"
204,The Joy Luck,4.0,409,$$,"1285 Bardstown Rd, Louisville, KY 40204"
205,Emmy Squared Pizza - Nulu  Louisville,4.0,231,$$,"825 E Market St, Louisville, KY 40206"
206,Hop Atomica,0.0,0,,"1318 McHenry St, Louisville, KY 40217"
207,BACKSIDE at Whiskey Row,4.5,7,,"108 W Washington St, Louisville, KY 40202"
208,Pasha's Mediterranean Cafe,4.0,47,$,"3904 Bardstown Rd, Louisville, KY 40218"
209,Taco Choza,4.5,332,,"3922 Westport Rd, Louisville, KY 40207"
210,Kathmandu Kitchen & Bar,4.5,191,$$,"3825 Bardstown Rd, Ste 108, Louisville, KY 40218"
211,Con Huevos,4.5,805,$$,"2339 Frankfort Ave, Louisville, KY 40206"
212,Happy Belly Waterside,4.5,2,,"1515 River Shore Dr, Louisville, KY 40206"
213,Lucky Burrito,4.0,32,,"2118 Bardstown Rd, Louisville, KY 40205"
214,Sweet Havana ,4.5,64,$,"5510 Fern Valley Rd, Ste 101, Louisville, KY 40228"
215,Zini Louisville,5.0,1,,"1032 Story Ave, Louisville, KY 40206"
216,Iron Quarter,4.0,5,,"400 S 2nd St, Louisville, KY 40202"
217,Caribbean Cafe,4.5,57,$,"317 W Woodlawn Ave, Louisville, KY 40214"
218,Melt 502,4.0,28,$,"6318 Bardstown Rd, Louisville, KY 40291"
219,Koko+Rae Caribbean Kitchen,0.0,0,,"1511 Bardstown Rd, Louisville, KY 40205"
220,Aspen Creek Grill,4.0,254,$$,"302 Bullitt Ln, Louisville, KY 40222"
221,Brazeiros Churrascaria - Brazilian Steakhouse,4.0,283,$$$,"450 S 4th St, Louisville, KY 40202"
222,Mesh Louisville,4.0,388,$$,"3608 Brownsboro Rd, Louisville, KY 40207"
223,Guy Fieri's Smokehouse,3.0,782,$$,"434 South 4th St, Louisville, KY 40202"
224,Down One Bourbon Bar,3.5,301,$$,"321 W Main St, Louisville, KY 40202"
225,Lonnie's Best Taste of Chicago,4.5,184,$,"121 Saint Matthews Ave, Louisville, KY 40207"
226,Aspen Creek Grill,4.0,274,$$,"8000 Bardstown Rd, Louisville, KY 40291"
227,Lou Lou Food and Drink,4.0,294,$$,"106 Sears Ave, Louisville, KY 40207"
228,The Seafood Lady,3.5,121,$$,"601 E Jefferson St, Louisville, KY 40202"
229,Joely's Restaurant & Bar,5.0,6,,"1999 Brownsboro Rd, Louisville, KY 40206"
230,Eatz Vietnamese Restaurant,4.5,169,$$,"2244 Frankfort Ave, Louisville, KY 40206"
231,Sharks Seafood,4.0,71,$,"3099 Breckenridge Ln, Louisville, KY 40220"
232,Jeff Ruby's Steakhouse - Louisville,4.5,558,$$$$,"325 W Main St, Louisville, KY 40202"
233,Tres amigos,5.0,21,,"9921 Ormsby Station Rd, Louisville, KY 40223"
234,Hollys Pour House,4.5,18,$,"907 Ulrich Ave, Louisville, KY 40219"
235,Elk Run Grill,4.5,2,,"1820 Charlestown Pike, Jeffersonville, IN 47130"
236,Pat's Steak House,3.0,168,$$$,"2437 Brownsboro Rd, Louisville, KY 40206"
237,Derby City Pizza Co.,4.0,129,$,"2500 Crittenden Dr, Louisville, KY 40217"
238,Pier 17 Cajun Seafood Restaurant & Bar,3.5,107,,"1975 S Hurstbourne Pkwy, Louisville, KY 40220"
239,Joella's Hot Chicken - St Matthews,4.0,579,$$,"3400 Frankfort Ave, Louisville, KY 40207"
240,Metro Diner,4.0,377,$$,"4901 Outer Lp, Ste 100, Louisville, KY 40219"
241,Malone's - Louisville,4.0,231,$$$,"4370 Summit Plaza Dr, Louisville, KY 40241"
242,Uptown Cafe,4.0,129,$$,"1624 Bardstown Rd, Louisville, KY 40205"
243,Al Sultan Mediterranean Grill,4.0,41,,"8129 Bardstown Rd, Louisville, KY 40291"
244,ROC Restaurant,4.0,221,$$,"1327 Bardstown Rd, Louisville, KY 40204"
245,Eat A Pita,4.0,226,$$,"2286 Bardstown Rd, Louisville, KY 40205"
246,Come Back Inn,4.0,258,$$,"909 Swan St, Louisville, KY 40204"
247,Waldo's Chicken and Beer,4.0,65,$$,"10700 Meeting St, Prospect, KY 40059"
248,Sarap Filipino Eatery,3.5,18,,"712 Brent St, Louisville, KY 40204"
249,Togo India,0.0,0,,"4109 Bardstown Rd, Ste 103, Louisville, KY 40218"
250,Cuban Restaurant And Bakery,5.0,10,,"5614 Preston Hwy, Louisville, KY 40219"
251,The B.A. Colonial,4.0,57,$$,"818 W Kenwood Dr, Louisville, KY 40214"
252,Haitian Exotica,0.0,0,,"615 Baxter Ave, Louisville, KY 40204"
253,Dasha Barbour's,3.5,82,$$,"217 E Main St, Louisville, KY 40202"
254,Falls City Market,4.5,70,$$,"400 S 2nd St, Louisville, KY 40202"
255,Wild Eggs,4.5,651,$$,"3985 Dutchmans Ln, Louisville, KY 40207"
256,Chamling Kitchen & Bar,3.5,24,$$,"2249 Hikes Ln, Louisville, KY 40218"
257,City Barbeque,3.5,21,$$,"4027 Poplar Level Rd, Louisville, KY 40213"
258,Kum's Cafe & Arirang,4.5,98,$$,"4544 Poplar Level Rd, Louisville, KY 40213"
259,Taco Luchador,4.5,909,$$,"938 Baxter Ave, Louisville, KY 40204"
260,Brick House Tavern + Tap,3.5,501,$$,"871 S Hurstbourne Pkwy, Louisville, KY 40222"
261,Mi Casita on 4th,4.0,238,$$,"520 S 4th St, Ste 100, Louisville, KY 40202"
262,Torino's Sandwich Bar,4.0,39,$$,"821 E Market St, Ste 101, Louisville, KY 40206"
263,JP's Outdoor Kitchen,0.0,0,,"Louisville, KY 40220"
264,Limón y Sal,4.5,226,$$,"10000 Brownsboro Rd, Louisville, KY 40241"
265,Blue Horse,3.0,122,$$,"830 Phillips Ln, Louisville, KY 40209"
266,Zombie Taco,3.5,106,,"100 W Washington St, Unit 101, Louisville, KY 40202"
267,El Mundo,4.0,380,$$,"2345 Frankfort Ave, Louisville, KY 40206"
268,Daryk's,4.5,2,,"1154 Logan St, Louisville, KY 40204"
269,Haymarket Bistro,4.0,11,$,"300 E Market St, Ste 100A, Louisville, KY 40202"
270,Sankalp Louisville,4.5,10,,"9008 Taylorsville Rd, Louisville, KY 40299"
271,Condado Tacos,4.0,52,$$,"7900 Shelbyville Rd, Ste G20, Louisville, KY 40222"
272,Pizza Af,4.5,2,,"1008 Goss Ave, Louisville, KY 40202"
273,Taco City Louisville,4.0,198,$,"1283 Bardstown Rd, Louisville, KY 40204"
274,Highland Morning,4.0,504,$$,"1416 Bardstown Rd, Louisville, KY 40204"
275,Classico Takeout & Empanadas,5.0,18,,"104 S Preston St, Louisville, KY 40202"
276,The Yellow Cactus,3.5,15,,"2350 Frankfort Ave, Louisville, KY 40206"
277,Afrokanza Lounge,1.0,2,,"1578 Bardstown Rd, Louisville, KY 40205"
278,Jerusalem Kitchen,4.5,109,$$,"4413 Saint Rita Dr, Louisville, KY 40219"
279,MaShallah African Restaurant,4.5,30,$$,"4109 Bardstown Rd, Ste 104, Louisville, KY 40218"
280,August Moon Chinese Bistro,3.5,144,$$,"2269 Lexington Rd, Louisville, KY 40206"
281,Bellissimo,4.5,9,,"Louisville, KY 40218"
282,Safier Mediterranean Deli,4.5,406,$$,"641 S 4th St, Louisville, KY 40202"
283,Sam's Seafood & Grill,4.0,9,,"4918 Poplar Level Rd, Louisville, KY 40219"
284,Bae's Baekery,5.0,41,,"1804 Frankfort Ave, Louisville, KY 40206"
285,Bob's Steak & Chop House,4.0,117,$$$,"400 S 2nd St, Louisville, KY 40202"
286,Island Breeze,5.0,8,,"1991 Brownsboro Rd, Louisville, KY 40206"
287,The Palm Room,5.0,6,$,"1821 W Jefferson St, Louisville, KY 40203"
288,Wiltshire Pantry Bakery and Café - Downtown,4.5,19,,"605 W Main St, Louisville, KY 40202"
289,Wacky Willy's,3.5,4,$,"4220 Bardstown Rd, Louisville, KY 40218"
290,Full Stop,4.5,89,,"1132 E St Catherine St, Louisville, KY 40204"
291,River City Drafthouse,4.0,144,$,"1574 Bardstown Rd, Louisville, KY 40205"
292,Panchitos Ice Cream,4.5,174,$,"2245 Bardstown Rd, Louisville, KY 40205"
293,Volare Italian Ristorante,4.5,402,$$$,"2300 Frankfort Ave, Louisville, KY 40206"
294,Jasmin Bakery European Bread,4.5,84,$,"2205 Steier Ln, Louisville, KY 40218"
295,Lemongrass Cafe and Market,3.5,89,$,"2956 Richland Ave, Louisville, KY 40220"
296,Fire Oven Pizza,4.5,57,$,"2801 Packerland Way, Ste 3, Louisville, KY 40213"
297,Tim Tam,4.5,40,$,"1022 Clarks Ln, Louisville, KY 40217"
298,Mr Hot Dog,4.5,3,,"6714 Outer Loop, Louisville, KY 40228"
299,Bandido Taqueria Mexicana,4.5,9,,"4214 Shelbyville Rd, Louisville, KY 40207"
300,Drake's Hurstbourne,3.5,76,$$,"2651 S Hurstbourne Pkwy, Louisville, KY 40220"
301,Book and Bourbon Southern Kitchen,3.5,83,$$,"600 Terminal Dr, Louisville, KY 40209"
302,Taco City - Hikes Point,4.5,34,,"3085 Breckenridge Ln, Louisville, KY 40220"
303,Pho Cafe,4.0,205,$$,"1704 Bardstown Rd, Louisville, KY 40205"
304,I Love Tacos,4.0,87,$$,"1534 Bardstown Rd, Louisville, KY 40205"
305,Victoria Mexican Restaurant,4.5,101,$$,"2918 Hikes Ln, Louisville, KY 40218"
306,Kingsley Meats & Catering,4.0,49,$$,"2701 Taylorsville Rd, Louisville, KY 40205"
307,Seviche A Latin Restaurant,4.5,342,$$$,"1538 Bardstown Rd, Louisville, KY 40205"
308,Cheddar Box Too,4.0,106,$$,"109 Chenoweth Ln, Louisville, KY 40207"
309,Losers 812,4.0,9,,"1005 W Market St, Jeffersonville, IN 47130"
310,Recbar,4.0,421,$$,"10301 Taylorsville Rd, Louisville, KY 40299"
311,Selena's at Willow Lake Tavern,4.0,486,$$,"10609 Lagrange Rd, Louisville, KY 40223"
312,Morris' Deli Liquor & Catering,4.5,113,$,"2228 Taylorsville Rd, Louisville, KY 40205"
313,Matt Winn's Steakhouse,4.5,50,$$$$,"750 Central Ave, Louisville, KY 40208"
314,Bahn Thai and M,4.0,12,,"2226 Holiday Manor Ctr, Ste 8, Louisville, KY 40222"
315,Gaslight Diner,4.0,41,$,"10509 Watterson Trl, Louisville, KY 40299"
316,Shady Lane Cafe,4.5,139,$,"4806 Brownsboro Rd, Louisville, KY 40207"
317,Kabuki Hibachi & Ramen,4.0,16,$$,"253 Spring St, Jeffersonville, IN 47130"
318,The Pine Room,4.0,118,,"6325 River Rd, Prospect, KY 40059"
319,Shirley Mae's Café,4.5,176,$,"802 S Clay St, Louisville, KY 40203"
320,Glow Worm Cafe & Play,5.0,13,,"962 Barret Ave, Louisville, KY 40204"
321,Shiraz Mediterranean Grill,4.0,108,$$,"1565 Bardstown Rd, Louisville, KY 40205"
322,Frankfort Avenue Beer Depot,4.0,309,$$,"3204 Frankfort Ave, Louisville, KY 40206"
323,Bambi Bar,4.5,76,$,"2701 Bardstown Rd, Louisville, KY 40205"
324,La Palma,5.0,13,,"5614 Preston Hwy, Louisville, KY 40213"
325,Rafferty's of Louisville,3.5,142,$$,"988 Breckenridge Ln, Louisville, KY 40207"
326,Vic's Cafe,4.5,25,$,"1839 E Market St, New Albany, IN 47150"
327,Anoosh Bistro,4.5,131,$$$,"4864 Brownsboro Ctr, Windy Hills, KY 40207"
328,Bred And Bourbon,5.0,1,,"101 W Muhammad Ali Blvd, Louisville, KY 40202"
329,Sol Aztecas Mexican Restaurant,3.0,112,$$,"2427 Bardstown Rd, Louisville, KY 40205"
330,Bourbon Bent  BBQ,4.5,13,$,"Louisville, KY 40206"
331,Geraldines Kitchen,4.0,105,$,"402 Wall St, Jeffersonville, IN 47130"
332,Ricky B's Club Cafe,5.0,13,,"2901 Brownsboro Rd, Louisville, KY 40206"
333,Union 15,4.0,116,$$,"816 W Kenwood Dr, Louisville, KY 40214"
334,Caffe Classico,4.0,129,$$,"2144 Frankfort Ave, Louisville, KY 40206"
335,Lil Wagner's,3.5,3,,"4520 Poplar Level Rd, Derby City Gaming Hotel, Louisville, KY 40213"
336,Parlour,4.0,303,$$,"131 W Chestnut St, Jeffersonville, IN 47130"
337,Main Eatery,4.5,82,$,"643 W Main St, Louisville, KY 40202"
338,Boombozz Taphouse,4.0,202,$$,"1448 Bardstown Rd, Louisville, KY 40204"
339,Ovrdrive,4.5,44,,"112 W Jefferson St, Louisville, KY 40202"
340,Wild Burger,4.0,3,,"1100 Trevilian Way, Louisville, KY 40213"
341,The Café,4.0,510,$$,"731 Brent St, Ste 102, Louisville, KY 40204"
342,Papucho's,5.0,3,,"246 Spring St, G, Jeffersonville, IN 47130"
343,Stevens Deli,4.0,130,$,"1114 Bardstown Rd, Louisville, KY 40204"
344,Louisville Thoroughbred Society,5.0,4,,"209 E Main St, Ste 200, Louisville, KY 40202"
345,Danny Mac's Pizza,4.5,179,$$,"1860 Mellwood Ave, Louisville, KY 40206"
346,Taco Luchador,4.0,265,$$,"112 Meridian Ave, Louisville, KY 40207"
347,Common Table,5.0,1,,"2234 W Market St, Louisville, KY 40212"
348,Porcini,4.0,183,$$$,"2730 Frankfort Ave, Louisville, KY 40206"
349,Craft House Pizza - Preston Hwy,3.5,30,,"4041 Preston Hwy, Louisville, KY 40213"
350,Pho Phi,3.5,141,$$,"4600 Shelbyville Rd, Louisville, KY 40207"
351,Gourmet Provisions,4.5,57,,"9407 Westport Rd, Louisville, KY 40241"
352,Tikka House,4.0,179,$$,"3930 Chenoweth Square, Louisville, KY 40207"
353,Taziki's Mediterranean Cafe - St. Matthews,4.5,89,$$,"106 Fairfax Ave, Louisville, KY 40207"
354,El Taco Loco,5.0,55,$,"5622 Preston Hwy, Louisville, KY 40219"
355,Los Aztecas Mexican Restaurant ,4.0,63,$$,"445 E Market St, Ste 110, Louisville, KY 40202"
356,Bearno's Little Sicily,4.0,53,$$,"2900 Taylorsville Rd, Louisville, KY 40205"
357,Tuscany Italian Restaurant,3.5,129,$$,"165 Outer Lp, Ste 118-119, Louisville, KY 40214"
358,Black Jockey’s Lounge,3.5,53,$$,"630 S 4th St, Louisville, KY 40202"
359,Chez Seneba African Restaurant,4.0,16,$$,"5019 Poplar Level Rd, Louisville, KY 40219"
360,Milantoni Italian Restaurant,3.5,353,$$,"1600 S Hurstbourne Pkwy, Louisville, KY 40220"
361,Ada’s Kitchen,4.5,23,$,"214 W Broadway, Louisville, KY 40202"
362,Bluegrass Brewing Company,3.5,382,$$,"300 W Main St, Louisville, KY 40202"
363,Hot Dog Engine 502,0.0,0,,"1125 Bardstown Rd, Louisville, KY 40204"
364,Yummi Yummi Sushi Restaurant,4.0,19,,"7131 Southside Dr, Louisville, KY 40214"
365,Little Angels Burger & Wings,0.0,0,,"9015 Galene Dr, Louisville, KY 40299"
366,The Seafood Lady,3.0,102,,"3201 Fern Valley Rd, Ste 113, Louisville, KY 40213"
367,Fry Daddy’s,3.5,26,,"1991 Brownsboro Rd, Louisville, KY 40206"
368,World of Beer,3.5,245,$$,"9850 Von Allmen Ct, Ste 108, Louisville, KY 40241"
369,The Raven Irish Pub,3.5,154,$$,"3900 Shelbyville Rd, St Matthews, KY 40207"
370,"H.M. Franks, an O'Shea's Pub",4.5,115,$$,"355 Spring St, Jeffersonville, IN 47130"
371,Asahi,4.0,132,$$,"3701 Lexington Rd, Louisville, KY 40207"
372,Check's Cafe,4.0,202,$,"1101 E Burnett Ave, Louisville, KY 40217"
373,Little Greek,4.0,284,$,"4600 Shelbyville Rd, Ste 402, Louisville, KY 40207"
374,Clean Eatz,4.5,24,,"3565 Springhurst Blvd, Louisville, KY 40241"
375,Eggholic - Louisville ,4.5,31,,"1947 S Hurstbourne Pkwy, Louisville, KY 40299"
376,Oriental Star,4.0,26,$,"4212 Bishop Ln, Louisville, KY 40218"
377,Heart & Soy,4.5,237,$$,"1216 Bardstown Rd, Louisville, KY 40204"
378,Highlands Tap Room Grill,4.0,158,$$,"1058 Bardstown Rd, Louisville, KY 40204"
379,Chicken Salad Chick,0.0,0,,"7706 Bardstown Rd, Ste 101, Louisville, KY 40291"
380,Storming Crab,3.0,54,,"4809 Outer Lp, Louisville, KY 40219"
381,El Caporal,4.5,71,$,"2209 Meadow Dr, Louisville, KY 40218"
382,Arno Pizza,4.5,37,$,"3933 Bardstown Rd, Louisville, KY 40218"
383,Ramsi's Cafe On The World,4.0,661,$$,"1293 Bardstown Rd, Louisville, KY 40204"
384,J. Alexander's,4.0,231,$$,"102 Oxmoor Ct, Louisville, KY 40222"
385,Double Dragon,4.0,95,$,"1255 Goss Ave, Louisville, KY 40217"
386,Bandido Taqueria Mexicana,4.5,391,$$,"423 University Blvd, Louisville, KY 40217"
387,J. Graham's Cafe,4.5,225,$$,"335 W Broadway, Louisville, KY 40202"
388,Koreana Restaurant III,4.0,160,$$,"5009 Preston Hwy, Louisville, KY 40213"
389,Mexa Tacos,4.0,183,$,"3701 Lexington Rd, Ste 1, Louisville, KY 40207"
390,Daisuki Sushi,4.5,32,,"1001 Logan St, Louisville, KY 40204"
391,Bistro 634,4.5,6,$$,"234 E Gray St, Ste 162, Louisville, KY 40202"
392,Guy Fieri's Flavortown Kitchen,2.5,3,,"2051 S Hurstbourne Pkwy, Louisville, KY 40220"
393,VeganVille,5.0,1,,"Louisville, KY 40205"
394,Tandoori Fusion,4.0,235,$$,"4600 Chamberlain Ln, Louisville, KY 40241"
395,Green District Salads - Highlands,4.5,65,$$,"1449 Bardstown Rd, Louisville, KY 40204"
396,Silly Axe Cafe,4.5,94,$$,"1001 Logan St, Louisville, KY 40205"
397,Jimmy's On the River,0.0,0,,"101 E Riverside Dr, Jeffersonville, IN 47130"
398,The Irish Rover,4.0,364,$$,"2319 Frankfort Ave, Louisville, KY 40206"
399,Rubbies Barbeque & Brew,4.0,137,$$,"6905 Southside Dr, Louisville, KY 40214"
400,Home Cuisine,4.5,20,$$,"309 Wallace Ave, Louisville, KY 40207"
401,Soul Food Dining,4.0,5,,"4900 Poplar Level Rd, Louisville, KY 40219"
402,Varanese,4.0,282,$$$,"2106 Frankfort Ave, Louisville, KY 40206"
403,Sakura Blue,4.0,174,$$,"4600 Shelbyville Rd, Louisville, KY 40207"
404,Crave Cafe and Catering,4.5,71,$,"2250 Frankfort Ave, Louisville, KY 40206"
405,Carali's Rotisserie Chicken,4.5,42,$$,"642 Baxter Ave, Ste 102-B, Louisville, KY 40204"
406,Mark's Feed Store,4.0,422,$$,"1514 Bardstown Rd, Louisville, KY 40205"
407,Mission BBQ,4.5,244,$$,"4607 Shelbyville Rd, Saint Matthews, KY 40207"
408,Texas Roadhouse,3.0,2,,"6060 Dutchmans Ln, Louisville, KY 40205"
409,Lotsa Pasta,4.5,124,$,"3717 Lexington Rd, Louisville, KY 40207"
410,Cold Smoke Bagels,4.5,46,$,"1001 Logan St, Logan Street Market, Louisville, KY 40204"
411,Drake's,3.5,185,$$,"3939 Shelbyville Rd, Ste 101, Louisville, KY 40207"
412,Jet's Pizza,4.0,61,$$,"2500 Bardstown Rd, Louisville, KY 40205"
413,Sweet Peaches,4.5,16,$,"1800 W Muhammed Ali Blvd, Louisville, KY 40203"
414,Abol Cafe,4.5,39,,"102 1/2 Cannons Ln, Louisville, KY 40206"
415,Sanag,4.5,3,,"5312 S 3rd St, Louisville, KY 40214"
416,Soupy's,4.5,76,$,"3027 Hunsinger Ln, Louisville, KY 40220"
417,La Guanaquita,4.5,44,$,"4231 Taylor Blvd, Louisville, KY 40215"
418,Cheddar's Scratch Kitchen,3.0,166,$$,"3521 Outer Lp, Louisville, KY 40219"
419,First Watch,4.0,185,$$,"960 Breckinridge Ln, Louisville, KY 40207"
420,WW Cousins Restaurant,3.5,197,$$,"900 Dupont Rd, Louisville, KY 40207"
421,Osaka Sushi & Japanese Cusine,4.0,222,$$,"2039 Frankfort Ave, Louisville, KY 40206"
422,WackyNachos,5.0,3,,"2602 Charlestown Rd, New Albany, IN 47150"
423,Karem's Grill and Pub,4.0,66,$,"9424 Norton Commons Blvd, Prospect, KY 40059"
424,Alfurat,4.0,7,$,"7319 St Andrews Church Rd, Louisville, KY 40214"
425,Asian Wok,4.0,92,$,"2235 Frankfort Ave, Louisville, KY 40206"
426,Carali's Rotisserie Chicken,4.5,24,,"5439 New Cut Rd, Louisville, KY 40214"
427,The House of Tortilla and snacks,5.0,1,,"5211 Preston Hwy, Louisville, KY 40213"
428,Cafe Aroma,4.5,35,$,"2020 Brownsboro Rd, Louisville, KY 40206"
429,Week-end Burgers,4.5,36,,"5600 National Turnpike, Louisville, KY 40214"
430,Derby City Cafe,5.0,2,,"3819 Bardstown Rd, Louisville, KY 40218"
431,Wick's Pizza - Louisville,3.5,70,$$,"3348 Hikes Ln, Louisville, KY 40220"
432,El Molcajete,4.5,242,$,"2932 S 4th St, Louisville, KY 40208"
433,Cravings Ala Carte,4.0,24,$,"101 S 5th St, Ste Ll100, National City Tower, Louisville, KY 40202"
434,Shiraz Mediterranean Grill,4.0,162,$$,"3501 Poplar Level Rd, Louisville, KY 40213"
435,8UP Elevated Drinkery & Kitchen,3.0,487,$$,"350 W Chestnut St, Louisville, KY 40202"
436,Virtue,4.0,17,,"1971 Brownsboro Rd, Louisville, KY 40206"
437,Limestone Bay Club,4.0,5,$$,"5801 River Rd, Prospect, KY 40059"
438,Please & Thank You - Mark,4.5,547,$,"800 E Market St, Louisville, KY 40206"
439,Bourbons Bistro,4.5,287,$$$,"2255 Frankfort Ave, Louisville, KY 40206"
440,Hi-Five Doughnuts,4.5,274,$,"1011 E Main St, Louisville, KY 40206"
441,V-Grits,4.5,280,$$,"1001 Logan St, Ste 123, Louisville, KY 40204"
442,Coals Artisan Pizza,4.0,236,$$,"3730 Frankfort Ave, Louisville, KY 40207"
443,Vincenzo's,3.5,301,$$$,"150 S 5th St, Louisville, KY 40202"
444,Derby Cafe,3.5,35,$$,"704 Central Ave, Kentucky Derby Museum, Louisville, KY 40208"
445,Number 15,3.5,22,,"121 W Main St, Louisville, KY 40202"
446,Malone’s,0.0,0,,"4055 Summit Plaza Dr, Paddock Shops, Louisville, KY 40241"
447,Tumbleweed TexMex Grill & Margarita Bar,3.0,65,$$,"3602 Bardstown Rd, Louisville, KY 40218"
448,Old Seelbach Bar,3.5,116,$$,"500 S 4th St, Louisville, KY 40202"
449,El Nopal,3.0,58,$$,"3010 Bardstown Rd, Louisville, KY 40205"
450,Waldo’s Chicken and Beer,0.0,0,,"10700 Meeting St, Prospect, KY 40059"
451,Magic Dinner & Bourbon,5.0,1,,"Louisville, KY 40204"
452,Brian's Deli,4.5,14,$,"531 S 4th St, Louisville, KY 40202"
453,NWCH Bistro,4.0,1,,"4001 Dutchmans Ln, Saint Matthews, KY 40207"
454,Summa Dis Summa Dat And More,4.0,2,,"2536 W Jefferson St, Louisville, KY 40212"
455,City Barbeque,4.0,365,$$,"9429 Viking Center Dr, Louisville, KY 40222"
456,Napa River Grill,4.0,210,$$,"1211 Herr Ln, Louisville, KY 40222"
457,Ollie's Trolley,4.0,113,$,"978 S 3rd St, Louisville, KY 40203"
458,Farm to Fork Cafe,4.0,5,,"2425 Portland Ave, Louisville, KY 40212"
459,Derby Dinner Playhouse,4.5,106,$$$,"525 Marriott Dr, Clarksville, IN 47129"
460,I Love Tacos,4.0,166,,"9909 Taylorsville Rd, Louisville, KY 40299"
461,MozzaPi,3.5,13,,"1020 E Washington St, Louisville, KY 40206"
462,LaRosa's Pizza Louisville - Springhurst,3.5,37,,"10641 Fischer Park Dr, Louisville, KY 40241"
463,Highlands Bar & Grill,5.0,1,,"2280 Bardstown Rd, Louisville, KY 40205"
464,Sicilian Pizza & Pasta,3.5,289,$$,"627 S 4th St, Louisville, KY 40202"
465,China 1,3.5,19,$,"3614 Buechel Bypass, Louisville, KY 40218"
466,Walker's Exchange,3.0,81,$$,"140 N 4th St, Fl 2, The Galt House Hotel, Louisville, KY 40202"
467,Mellwood Tavern,4.0,29,$,"1801 Brownsboro Rd, Louisville, KY 40206"
468,Garrison World Famous Southern BBQ,3.5,5,,"1125 Bardstown Rd, Louisville, KY 40204"
469,La Bonita Tienda Mexicana,4.0,16,,"1999 Brownsboro Rd, Louisville, KY 40206"
470,Za's Pizza Pub,3.5,113,$$,"1573 Bardstown Rd, Louisville, KY 40205"
471,Asian Pot,4.0,73,$,"2801 Packerland Way, Ste 100, Louisville, KY 40213"
472,Oriental House,4.0,304,$$,"4302 Shelbyville Rd, Louisville, KY 40207"
473,Motoring Gastro,4.0,2,$$,"Louisville, KY 40231"
474,La Cocina De Mama,4.5,185,$$,"2809 N Hurstbourne Pkwy, Louisville, KY 40223"
475,Carali's Rotisserie Chicken,4.5,274,$,"9148 Taylorsville Rd, Louisville, KY 40299"
476,Brasserie Provence,4.5,225,$$,"150 N Hurstbourne Pkwy, Louisville, KY 40222"
477,A Chau Restaurant,4.5,113,$,"5103 South 3rd St, Louisville, KY 40214"
478,Taco N' Madres Reload,5.0,6,,"2840 Goose Creek Rd, Louisville, KY 40242"
479,Corner Flavors of Kentucky,3.5,66,$$,"102 W Main St, Louisville, KY 40202"
480,Green District Salads - St. Matthews,4.0,137,$$,"3939 Shelbyville Rd, Louisville, KY 40207"
481,Goodfellas Pizzeria - Baxter Ave.,3.5,96,,"642 Baxter Ave, Unit 102, Louisville, KY 40204"
482,Falafel Oasis,4.0,48,,"226 W Broadway, Louisville, KY 40202"
483,El Molcajete,4.0,50,$,"8106 Preston Hwy, Louisville, KY 40219"
484,Chuy's,4.0,394,$$,"104 Oxmoor Ct, Louisville, KY 40222"
485,Riverside Lounge and Cafe,5.0,1,,"700 W Riverside Dr, Jeffersonville, IN 47130"
486,The Indignant Platypus,5.0,2,,"619 Baxter Ave, Louisville, KY 40204"
487,DaLat's Gateaux and Cafe,4.5,68,$,"6915 Southside Dr, Louisville, KY 40214"
488,Coconut Beach Tacos & Cerveza,4.0,87,$,"2787 S Floyd St, Louisville, KY 40209"
489,Gigi's Cafe,0.0,0,,"4700 S 3rd St, Louisville, KY 40214"
490,Kate's Deli,4.5,2,,"6400 Dutchmans Pkwy, Ste 25, Louisville, KY 40205"
491,Big Ben's D & M BBQ,4.5,62,$,"600 Quartermaster Ct, The Depot, Jeffersonville, IN 47130"
492,Highland Morning - St. Matthews,3.5,197,$$,"111 Saint Matthews Ave, Louisville, KY 40207"
493,Back Deck BBQ,4.5,98,$$,"801 W Kenwood Dr, Louisville, KY 40214"
494,Twig And Leaf,3.5,129,$,"2122 Bardstown Rd, Louisville, KY 40205"
495,PassTime Fish House,4.0,166,$$,"10801 Locust Rd, Louisville, KY 40299"
496,The Fish house &Grill,4.0,5,,"2124 W Broadway, Louisville, KY 40211"
497,Roots,4.5,182,$$,"1216 Bardstown Rd, Louisville, KY 40204"
498,Poppe Cafe,4.5,3,,"Louisville, KY 40220"
499,Hilltop Tavern,4.0,180,$,"1800 Frankfort Ave, Louisville, KY 40206"
500,Vallarta Mexican Seafood & Grill,4.5,45,$$,"9874 Linn Station Rd, Louisville, KY 40223"
501,Con Huevos,4.5,311,$$,"4938 US Hwy 42, Louisville, KY 40222"
502,Longshot Lobsta,4.0,42,$$,"Louisville, KY 40202"
503,Twinspire Pizza,4.5,11,,"8023 Catherine Ln, Ste 102, Louisville, KY 40222"
504,The Yellow Cactus,4.0,34,,"9111 Galene Dr, Louisville, KY 40299"
505,Black Olive Italian Grill,2.5,28,,"2745 Crittenden Dr, Louisville, KY 40209"
506,Felipe Mexican Restaurant,4.0,22,,"4000 Dutchmans Ln, Louisville, KY 40207"
507,Ramiro's Cantina Express,4.0,61,$$,"253 Spring St, Jeffersonville, IN 47130"
508,Duck Donuts,4.0,76,,"4600 Shelbyville Rd, Ste 634, Louisville, KY 40207"
509,Bonefish Grill,4.0,242,$$,"657 S Hurstbourne Pkwy, Louisville, KY 40222"
510,J  Gumbo's - Highlands,4.0,45,$,"1616 Grinstead Dr, Louisville, KY 40204"
511,Chili's,2.5,55,$$,"3623 Bardstown Rd, Louisville, KY 40218"
512,Drake's,3.5,264,$$,"3921 Summit Plz Dr, Louisville, KY 40241"
513,Sake Blue Japanese Bistro,4.0,392,$$,"9326 Cedar Center Way, Louisville, KY 40291"
514,River Road BBQ,4.0,167,$$,"3017 River Rd, Louisville, KY 40207"
515,Scene at The Center,3.5,21,$$,"501 West Main St, Louisville, KY 40202"
516,Joe's Older Than Dirt,3.5,132,$$,"8131 New La Grange Rd, Louisville, KY 40222"
517,Addis Bar & Grill,4.0,124,$$,"109 S 4th St, Louisville, KY 40202"
518,The English Grill,4.5,89,$$$,"335 W Broadway, The Brown Hotel, Louisville, KY 40202"
519,DiFabio's Casapela,4.0,183,$$,"2311 Frankfort Ave, Louisville, KY 40206"
520,Addis Ababa,5.0,21,$$,"4750 Bardstown Rd, Louisville, KY 40218"
521,Del Frisco's,3.5,127,$$$,"101 Whittington Pkwy, Louisville, KY 40222"
522,Made by Mae,5.0,2,,"325 W Cardinal Blvd, Louisville, KY 40208"
523,Red Lobster,3.0,103,$$,"986 Breckenridge Ln, Saint Matthews, KY 40207"
524,BoomBozz Pizza,4.0,13,,"1890 S Hurstbourne Pkwy, Louisville, KY 40220"
525,Eggs Over Frankfort,3.5,195,$,"2712 Frankfort Ave, Louisville, KY 40206"
526,Stoney River,4.0,330,$$$,"3900 Summit Plaza Dr, Louisville, KY 40241"
527,Town A Neighborhood Pub,3.5,7,,"415 Spring St, Jeffersonville, IN 47130"
528,Bunz Burgerz,4.0,223,$,"712 Brent St, Louisville, KY 40204"
529,Big Momma's Soul Kitchen,4.0,53,$,"1213 S 28th St, Louisville, KY 40211"
530,CoreLife Eatery,4.5,84,$$,"9365 Viking Center Dr, Louisville, KY 40222"
531,McAlister's Deli,3.5,71,$$,"980 Breckenridge Ln, Louisville, KY 40207"
532,O Dollys,3.5,14,,"7800 3rd Street Rd, Louisville, KY 40214"
533,Cluckers,3.5,135,$$,"100 W Riverside Dr, Jeffersonville, IN 47130"
534,Kingfish,2.5,165,$$,"601 W Riverside Dr, Jeffersonville, IN 47130"
535,Kingfish Restaurant,2.0,233,$$,"3021 River Rd, Louisville, KY 40207"
536,Payne Street Bake House,4.0,132,$,"225 S Spring St, Louisville, KY 40206"
537,MrBeast Burger,2.0,20,,"Louisville, KY 40222"
538,Tim Page's Corner Store,4.5,18,,"2922 Taylor Blvd, Louisville, KY 40208"
539,Adrienne & Co Bakery Cafe,4.0,226,$,"129 W Court Ave, Jeffersonville, IN 47130"
540,Mac's @ Milewide,4.0,20,,"636 Barret Ave, Louisville, KY 40204"
541,Mojito Tapas Restaurant,4.5,417,$$,"2231 Holiday Manor Ctr, Louisville, KY 40222"
542,Brownie’s The Shed Grille & Bar,3.5,109,$$,"9900 Linn Station Rd, Louisville, KY 40223"
543,Asiana Sushi,5.0,38,,"6435 Bardstown Rd, Louisville, KY 40291"
544,Juno Japanese Restaurant - Westport,4.5,30,,"4110 Hampton Lake Way, Louisville, KY 40241"
545,Moya's American Kitchen,3.5,68,,"10000 Linn Station Rd, Louisville, KY 40223"
546,DiOrio's Pizza & Pub,3.5,135,$$,"310 Wallace Ave, Louisville, KY 40207"
547,The Cheesecake Factory,3.5,436,$$,"5000 Shelbyville Rd, Louisville, KY 40207"
548,Burger Boy Diner,3.5,292,$,"1450 S Brook St, Louisville, KY 40208"
549,Chicago Jerk Tacos,4.5,3,,"227 S 30th St, Louisville, KY 40212"
550,Ruth's Chris Steak House,3.5,291,$$$$,"6100 Dutchmans Ln Kaden Tower, Fl 16, Louisville, KY 40205"
551,Suburban Fish Fry,4.5,35,$,"3901 S 3rd St, Louisville, KY 40214"
552,Tropical Smoothie Cafe,5.0,1,,"4024 Shelbyville Rd, Louisville, KY 40207"
553,J. Gumbo's,4.0,84,$,"2109 Frankfort Ave, Louisville, KY 40206"
554,Kabuki Hibachi & Ramen,4.0,37,,"2784 Meijer Rd, Jeffersonville, IN 47130"
555,Fresco Tea Bar,4.5,40,$,"223 Pearl St, Jeffersonville, IN 47130"
556,Ditto's Grill,3.5,219,$$,"1114 Bardstown Rd, Louisville, KY 40204"
557,Franco's Restaurant and Catering,4.0,71,$$,"3300 Dixie Hwy, Louisville, KY 40216"
558,Charr'd Bourbon Kitchen & Lounge,3.5,90,$$,"1903 Embassy Square Blvd, Louisville, KY 40299"
559,Wild Eggs,4.5,308,$$,"1311 Herr Ln, Graymoor-Devondale, KY 40222"
560,Seafood Heaven,4.5,2,,"600 E Broadway, Louisville, KY 40202"
561,El Nopal Mexican Cuisine,4.5,10,,"2745 Crittenden Dr, Louisville, KY 40209"
562,Lucretia's Kitchen,4.0,43,$$,"1812 W Muhammad Ali Blvd, Louisville, KY 40203"
563,Krazy Daves,4.0,9,$,"2817 Del Rio Pl, Louisville, KY 40220"
564,Martin's Bar-B-Que Joint,4.0,370,$$,"3408 Indian Lake Dr, Louisville, KY 40241"
565,BJ's Restaurant & Brewhouse,3.5,329,$$,"7900 Shelbyville Rd, Louisville, KY 40222"
566,Mark's Slab House,3.5,4,,"4912 Preston Hwy, Louisville, KY 40213"
567,Impellizzeri's Pizza,4.0,214,$$,"1381 Bardstown Rd, Louisville, KY 40204"
568,The Back Door,4.0,248,$$,"1250 Bardstown Rd, Louisville, KY 40204"
569,Wild Eggs,4.0,28,$$,"9010 Taylorsville Rd, Jeffersontown, KY 40299"
570,Freddy's Frozen Custard & Steakburgers,2.0,2,,"6209 Bardstown Rd, Louisville, KY 40291"
571,Wagner's Pharmacy,3.5,179,$,"3113 S 4th St, Louisville, KY 40214"
572,Kentucky Smoked BBQ,5.0,6,$,"4100 Shelbyville Rd, Beargrass Christian Church, Louisville, KY 40207"
573,Kashmir,3.5,262,$$,"1277 Bardstown Rd, Louisville, KY 40204"
574,Wing Zone,3.5,12,,"3505 Poplar Level Rd, Louisville, KY 40213"
575,New View Bar & Grill,4.5,13,$,"7601 Outer Lp, Louisville, KY 40228"
576,Jaggers,4.0,20,$$,"10690 Westport Rd, Louisville, KY 40241"
577,Sam's Gyros,4.5,79,$,"3123 S 2nd St, Louisville, KY 40208"
578,Pearly's Seafood,0.0,0,,"6301 Upper River Rd, Harrods Creek, KY 40027"
579,Equus and Jack's Lounge,4.0,111,$$,"122 Sears Ave, Louisville, KY 40207"
580,Molly Malone's Irish Pub & Restaurant,3.5,162,$$,"933 Baxter Ave, Louisville, KY 40204"
581,Levee at the River House,3.5,62,$$,"3015 River Rd, Louisville, KY 40207"
582,FDKY,4.0,129,$,"9606 Taylorsville Rd, Louisville, KY 40299"
583,Chinese Chef,4.5,18,$,"2619 S 4th St, Louisville, KY 40208"
584,Full Arepa KY,5.0,10,,"1001 Logan St, Louisville, KY 40204"
585,Abyssinia Authentic Ethiopian Cuisine Restaurant & Bar,4.5,172,$$,"554 S 5th St, Louisville, KY 40203"
586,Orleans Authentic Cajun Cuisine,0.0,0,,"1812 W Muhammad Ali Blvd, Louisville, KY 40203"
587,Bud's Tavern,4.0,28,,"9119 Galene Dr, Louisville, KY 40299"
588,Bandido Taqueria Mexicana,4.5,31,$$,"2901 Goose Creek Rd, Louisville, KY 40241"
589,Roosters,3.5,105,$$,"7405 Preston Hwy, Louisville, KY 40219"
590,Senor Pupusas,4.5,13,,"8118 Preston Hwy, Louisville, KY 40219"
591,Taquero Mucho,4.5,19,,"5700 Outer Lp, Louisville, KY 40219"
592,MrBeast Burger,2.5,8,,"Louisville, KY 40220"
593,The Joy Luck,3.5,168,$$,"9850 Von Allmen Ct, Ste 101, Louisville, KY 40241"
594,Con Huevos Craves,3.5,33,,"210 W Liberty St, Louisville, KY 40202"
595,Frida’s Alchemy,4.5,20,$$,"7900 Shelbyville Rd, Louisville, KY 40222"
596,Dixie Oriental Food & Gifts Market,4.5,22,$,"3900 Bardstown Rd, Louisville, KY 40218"
597,Bristol Bar & Grille,3.5,209,$$,"1321 Bardstown Rd, Louisville, KY 40204"
598,Sushi and Boba Tea House,5.0,3,,"332 W Market St, Jeffersonville, IN 47130"
599,Moby Dick Bashford Manor,3.0,18,$,"3613 Bardstown Rd, Louisville, KY 40218"
600,Flanagan's Ale House,3.5,186,$$,"934 Baxter Ave, Louisville, KY 40204"
601,The Old Spaghetti Factory,3.0,454,$$,"235 W Market St, Louisville, KY 40202"
602,Dakshin South Indian Restaurant,4.0,271,$$,"4742 Bardstown Rd, Louisville, KY 40218"
603,Jojo Gyros 2,5.0,10,,"7900 Shelbyville Rd, Louisville, KY 40222"
604,Morton's The Steakhouse,3.5,166,$$$$,"626 W Main, Louisville, KY 40202"
605,Corner Cafe,4.0,67,$$,"9307 New La Grange Rd, Louisville, KY 40242"
606,Star Sushi,4.5,111,$$,"3015 E 10th St, Jeffersonville, IN 47130"
607,Swampwater Jack's,4.0,1,,"937 Phillips Ln, Louisville, KY 40209"
608,Manhattan Grill,4.0,63,$,"429 W Muhammad Ali Blvd, Louisville, KY 40202"
609,Inkredible's,5.0,2,,"1506 Dixie Hwy, Louisville, KY 40210"
610,Roof Top Grill,3.5,29,$,"414 W Oak St, Louisville, KY 40203"
611,The Grape Leaf,4.0,213,$$,"2217 Frankfort Ave, Louisville, KY 40206"
612,Wiltshire Bakery & Cafe,4.5,136,$,"901 Barrett Ave, Louisville, KY 40204"
613,Finnegan’s Playhouse,0.0,0,,"601 W Broadway, Louisville, KY 40202"
614,Manhattan Deli,3.5,2,$,"200 S 7th St, Ste 170, Louisville, KY 40202"
615,Cafe Thuy Van,4.0,94,$,"5600 National Tpke, Louisville, KY 40214"
616,The Chef's Table,0.0,0,,"9448 Norton Commons Blvd, Prospect, KY 40059"
617,Aji Sushi and Asian Cuisine,4.0,98,$$,"5610 Outer Lp, Louisville, KY 40219"
618,Hitching Post Inn,4.5,7,$,"7314 Fegenbush Ln, Louisville, KY 40228"
619,El Sinaloense Mexican Restaurant,4.0,4,,"5520 Fern Valley Rd, Ste 115, Louisville, KY 40228"
620,Bruegger's Bagels,3.5,105,$,"119 Breckenridge Ln, Louisville, KY 40207"
621,Pizza Place,3.5,72,$$,"2931 Richland Ave, Louisville, KY 40220"
622,Shreeji Indian Vegetarian Street Food,4.5,150,$$,"1987 S Hurstbourne Pkwy, Louisville, KY 40299"
623,Bravo! Italian Kitchen,3.5,144,$$,"206 Bullitt Ln, Louisville, KY 40222"
624,Dawg On It,5.0,1,,"Louisville, KY 40202"
625,Southern Express Soul Food,4.0,37,$,"418 W Oak St, Louisville, KY 40203"
626,Quills Coffee ,4.5,155,$,"802 E Main St, Louisville, KY 40206"
627,Con Huevos,4.0,40,,"2125 S Hurstbourne Pkwy, Louisville, KY 40220"
628,The Granville Pub,3.5,104,$,"1601 S 3rd St, Louisville, KY 40208"
629,Taj Palace Indian Restaurant,4.5,202,$$,"2929 Goose Creek Rd, Louisville, KY 40241"
630,Gordon Biersch,3.0,472,$$,"400 S 4th St, Louisville, KY 40202"
631,Annie May's Sweet Cafe,4.5,89,$,"3110 Frankfort Ave, Louisville, KY 40206"
632,Kyushu Japanese Steakhouse,3.5,153,$$,"1850 S Hurstbourne Pkwy, Ste 166, Louisville, KY 40220"
633,Tacos El Tio Martin,5.0,3,,"Louisville, KY 40214"
634,Santa Fe Grill,4.0,118,$,"3000 S 3rd St, Louisville, KY 40208"
635,Starving Artist Cafe & Deli,4.5,71,$,"8034 New La Grange Rd, Louisville, KY 40222"
636,Jersey Mike's Subs,4.0,16,,"3013 Poplar Level Rd, Louisville, KY 40217"
637,Misawa Sushi Bar,4.5,121,$$,"7931 Bardstown Rd, Louisville, KY 40291"
638,Fante's Coffee,4.5,207,$,"2501 Grinstead Dr, Louisville, KY 40206"
639,Parlour Pizza,4.0,23,,"3910 Ruckriegel Pkwy, Jeffersontown, KY 40299"
640,Oriental Cafe,4.0,113,$,"3360 Hikes Ln, Louisville, KY 40220"
641,Old School NY Pizza,4.0,38,,"10600 Meeting St, Prospect, KY 40059"
642,Three Brothers Restaurant,3.0,15,,"2001 7th Street Rd, Louisville, KY 40208"
643,Derby City Pizza Co.,3.0,30,,"2331 Brownsboro Rd, Louisville, KY 40206"
644,Momma's Mustard Pickles & BBQ,4.0,471,$$,"119 S Hurstbourne Pkwy, Louisville, KY 40222"
645,Somewhere Restaurant and Bar,3.5,43,$$,"1135 Bardstown Rd, Louisville, KY 40204"
646,Guy Fieri's Flavortown Kitchen,2.0,1,,"Louisville, KY 40222"
647,Tokyo Japanese Restaurant & Sushi Bar,4.5,59,$$,"2415 Lime Kiln Ln, Louisville, KY 40222"
648,La Guera Taqueria,4.5,3,,"4049 Taylorsville Rd, Louisville, KY 40220"
649,DiOrio's Pizza & Pub,3.5,157,$$,"919 Baxter Ave, Louisville, KY 40204"
650,Mt Fuji,4.0,148,$$,"309 Cardinal Blvd, Louisville, KY 40208"
651,Ramble,3.5,12,,"712 Brent St, Louisville, KY 40204"
652,Spinelli's Pizzeria,3.5,339,$$,"616 Baxter Ave, Louisville, KY 40204"
653,Texas Roadhouse,3.5,130,$$,"3322 Outer Lp, Louisville, KY 40219"
654,Cafe 360,2.5,170,$,"1582 Bardstown Rd, Louisville, KY 40205"
655,Winner's Circle Restaurant,3.5,5,,"1325 South Hurstbourne Pkwy, Louisville, KY 40222"
656,Saints Pizza Pub & Sky Bar,3.5,122,$$,"131 Breckenridge Ln, St. Matthews, KY 40207"
657,Angie's Cafe,4.0,17,,"2781 Jefferson Centre Way, Ste 10, Jeffersonville, IN 47130"
658,Please & Thank You - Frank,4.0,136,$$,"2341 Frankfort Ave, Louisville, KY 40206"
659,Bungalow Joe's Bar and Grill,4.0,210,$$,"7813 Beulah Church Rd, Louisville, KY 40228"
660,Chick-fil-A,4.0,53,$,"3420 Bardstown Rd, Louisville, KY 40218"
661,Flavors Cuisine Of India,4.0,26,,"3201 Fern Valley Rd, Ste 111, Louisville, KY 40213"
662,Great Wall,3.5,47,$,"1977 Brownsboro Rd, Louisville, KY 40206"
663,Big Al's Beeritaville,4.5,31,$,"1715 Mellwood Ave, Louisville, KY 40206"
664,Bristol Bar & Grille,3.5,177,$$,"614 W Main St, Louisville, KY 40202"
665,Taqueria El Gran Tako Estilo Mexico,5.0,24,$,"350 W Court Ave, Jeffersonville, IN 47130"
666,Bamba Eggroll Company,5.0,7,,"240 Adams St, Louisville, KY 40206"
667,El Nopal,3.5,41,$$,"6521 Paramount Park Dr, Louisville, KY 40213"
668,The Ville Grill,4.5,8,$,"300 W Brandeis Ave, Louisville, KY 40292"
669,La Rosita,4.5,27,$,"5059 Preston Hwy, Louisville, KY 40213"
670,El Nopal  - Mexican cuisine,3.5,15,,"700 Riverside Drive, Jeffersonville, IN 47130"
671,falafel oasis,3.0,5,,"4845 Poplar Level Rd, Louisville, KY 40258"
672,La Riviera Maya,4.0,46,$,"8104 National Tpke, Ste 102, Louisville, KY 40214"
673,Einstein Bros. Bagels,3.0,1,,"2001 Newburg Rd, Louisville, KY 40205"
674,Chili's,3.0,54,$$,"3007 Poplar Level Rd, Louisville, KY 40217"
675,The Fishery,3.5,98,$,"3624 Lexington Rd, Louisville, KY 40207"
676,Outback Steakhouse,2.5,114,$$,"6520 Signature Dr, Louisville, KY 40213"
677,Clifton Donut Shop,4.5,87,$,"2317 Brownsboro Ave, Louisville, KY 40206"
678,Luna's Mexican Restaurant,3.5,29,$,"5213 Preston Hwy, Ste B, Louisville, KY 40213"
679,Kem's Restaurant,3.0,1,,"447 Farmington Ave, Louisville, KY 40208"
680,Chicken King,4.0,109,$,"639 E Broadway, Louisville, KY 40202"
681,Mexico City Restaurant,4.5,43,$,"3826 Hamburg Pike, Jeffersonville, IN 47130"
682,Cattleman's Roadhouse,3.5,140,$$,"2901 S Hurstbourne Pkwy, Louisville, KY 40220"
683,Executive Bistro,2.5,5,,"1930 Bishop Ln, Ste 100, Louisville, KY 40218"
684,La Pana Bakery & Cafe,5.0,23,,"1001 Logan St, Louisville, KY 40204"
685,Huge Impact,4.0,21,,"566 S 5th St, Louisville, KY 40202"
686,Raising Canes Chicken Fingers,3.0,73,$,"1250 Bardstown Rd, Ste 5, Louisville, KY 40204"
687,La Casita Taqueria Mexicana,5.0,4,,"1504 Berry Blvd, Louisville, KY 40215"
688,M&M Delishiousness,5.0,1,,"1401 Bluegrass Ave, Louisville, KY 40215"
689,Hooters,2.5,91,$$,"4120 Dutchman's Ln, Louisville, KY 40207"
690,El Nopal,3.5,65,$$,"3945 Taylorsville Rd, Louisville, KY 40220"
691,La Bamba,3.0,124,$,"1237 Bardstown Rd, Louisville, KY 40204"
692,Shalimar Indian Restaurant,4.0,408,$$,"1850 S Hurstbourne Pkwy, Ste 125, Louisville, KY 40220"
693,Butchertown Porktoberfest,5.0,1,,"1121 E Washington St, Louisville, KY 40206"
694,La Maison aux Crêpes,4.0,14,,"1001 Logan St, Louisville, KY 40204"
695,Bristol Bar & Grille,3.5,119,$$,"300 N Hurstbourne Pkwy, Louisville, KY 40299"
696,The Misfit Lou,0.0,0,,"119 S 7th St, Louisville, KY 40202"
697,Somewhere by CC,4.0,5,,"1135 Bardstown Rd, Louisville, KY 40204"
698,Con Huevos,4.5,8,,"10639 Meeting St, Prospect, KY 40059"
699,Holy Molé,4.0,31,$,"401 E Main St, Louisville, KY 40202"
700,Martini Italian Bistro,3.5,302,$$,"4021 Summit Plaza Dr, Louisville, KY 40241"
701,Mai's Thai Restaurant,3.5,114,$,"1411 E 10th St, Jeffersonville, IN 47130"
702,Sallyforth Taproom,5.0,5,,"1221 W Main St, Louisville, KY 40212"
703,Rally's,2.0,20,$,"3290 Bardstown Road, Louisville, KY 40205"
704,La Catrina,3.5,9,,"125 W Chestnut St, Jeffersonville, IN 47130"
705,Stooges Bar &  Grill,3.5,52,$$,"7123 Grade Ln, Louisville, KY 40213"
706,Old Louisville Coffee Co-op,4.5,27,,"316 W Ormsby Ave, Louisville, KY 40203"
707,Louisville Tube Station,5.0,1,,"N 4TH St, Jefferson St, Louisville, KY 40202"
708,Skyline Chili,3.5,53,$,"4024 Dutchman's Lane, Louisville, KY 40207"
709,Hong Kong Fast Food,4.5,40,$,"5312 S 3rd St, Ste 102, Louisville, KY 40214"
710,D. Nalley's,4.0,72,$,"970 S 3rd St, Louisville, KY 40203"
711,Wick's Pizza,3.5,228,$$,"975 Baxter Ave, Louisville, KY 40204"
712,La Favorita,4.5,6,$,"6201 Preston Hwy, Louisville, KY 40219"
713,Patrick O’Shea’s,4.0,262,$$,"123 W Main St, Louisville, KY 40202"
714,Dave & Buster's - Louisville,2.5,156,$$$,"5000 Shelbyville Rd, Ste D200, Louisville, KY 40207"
715,Señor Iguanas,4.0,62,$$,"5637 Outer Lp, Louisville, KY 40219"
716,ToGo Sushi,4.5,260,$$,"700 Lyndon Ln, Louisville, KY 40222"
717,Papa Johns Pizza,3.0,14,$,"2301 Bardstown Rd, Louisville, KY 40205"
718,The Corn Place,0.0,0,,"1153 River Rd, Louisville, KY 40206"
719,"Gustavo's Mexican Grill, Norton Commons",4.5,127,$$,"10715 Meeting St, Prospect, KY 40059"
720,Joe's Crab Shack,3.0,268,$$,"131 River Rd, Louisville, KY 40202"
721,Taco Luchador,4.0,102,$,"10305 Taylorsville Rd, Louisville, KY 40299"
722,Goodloes Bar and Grill,4.0,3,,"627 N 34th St, Louisville, KY 40212"
723,Lueberry Acai & Superfoods,4.0,187,$$,"808 E Market St, Louisville, KY 40206"
724,Mango's Mexican Restaurant,3.5,74,$$,"4632 Hendrik Dr, Louisville, KY 40299"
725,Griyo Caribbean Restaurant,1.0,3,,"519 W Oak St, Louisville, KY 40203"
726,O'Shea's Traditional Irish Pub,4.0,264,$$,"956 Baxter Ave, Louisville, KY 40204"
727,Antojitos JJ,0.0,0,,"1032 Story Ave, Louisville, KY 40206"
728,Gerstle's Place,3.5,68,$,"3801 Frankfort Ave, Louisville, KY 40207"
729,Hooters,2.0,70,$$,"700 W Riverside Dr, Jeffersonville, IN 47130"
730,Sushi Master,4.5,60,,"9415 Norton Commons Blvd, Prospect, KY 40059"
731,Bunz Burgerz,4.5,7,,"712 Brent St, The Village Market, Louisville, KY 40204"
732,Yen Ching Restaurant,4.0,62,$,"1850 S Hurstbourne Pkwy, Ste 124, Louisville, KY 40220"
733,Zero’s Luxe Lounge,3.5,6,,"1346 River Rd, Louisville, KY 40206"
734,Cuvee Wine Table,4.5,118,$$,"3598 Springhurst Blvd, Louisville, KY 40241"
735,I Love Tacos,3.5,46,$$,"3550 Springhurst Commons Dr, Louisville, KY 40241"
736,Fort Royal Restaurant,3.0,2,,"6918 Southside Dr, Louisville, KY 40214"
737,Hoopsters Sports Bar & Grill Jeffersonville,4.0,45,$$,"830 E 10th St, Jeffersonville, IN 47130"
738,Soulful choices,5.0,1,,"4532 West Broadway St, Louisville, KY 40211"
739,Texas Roadhouse,3.5,60,$$,"5005 Shelbyville Rd, Louisville, KY 40207"
740,Sea Fresh Seafood,3.5,19,,"8129 Bardstown Rd, Louisville, KY 40291"
741,Gustavo's Mexican Grill - Hurstbourne,3.5,80,$$,"401 S Hurstbourne Pkwy, Louisville, KY 40222"
742,China Star Chinese Restaurant,4.0,25,$,"291 N Hubbards Ln, Ste 178, Louisville, KY 40207"
743,Las Margaritas,4.0,41,,"307 Central Ave, Louisville, KY 40208"
744,The Culture Club Presents,0.0,0,,"419 Finzer St, Louisville, KY 40203"
745,Roosters,3.5,67,$,"3601 Springhurst Blvd, Louisville, KY 40241"
746,El Nopal,3.5,31,$$,"962 Baxter Ave, Louisville, KY 40204"
747,First Watch,4.0,3,,"7714 Bardstown Rd, Ste 101, Louisville, KY 40291"
748,Penn Station,3.5,16,$$,"2407 A Brownsboro Rd, Louisville, KY 40206"
749,Tacos La Esperanza - Hope On Wheels,5.0,16,,"3401 Breckenridge Ln, Louisville, KY 40220"
750,Carrabba's Italian Grill,3.5,150,$$,"617 S Hurstbourn Pkwy, Louisville, KY 40222"
751,Atrium Cafe,4.0,4,$$,"9940 Corporate Campus Dr, Embassy Suites Hotel, Louisville, KY 40223"
752,Baxter's 942 Bar & Grill,3.5,106,$$,"942 Baxter Ave, Louisville, KY 40204"
753,La Loma Restaurant,4.5,63,$,"560 Eastern Blvd, Clarksville, IN 47129"
754,Blaze Pizza,4.0,293,$$,"4848 Shelbyville Rd, Louisville, KY 40207"
755,Luigi's Pizzeria,3.5,119,$,"712 W Main St, Louisville, KY 40202"
756,Hungry Pelican,3.5,69,$$,"5412 Bardstown Rd, Louisville, KY 40291"
757,Genji Sushi Bars Louisville,4.0,1,,"4944 Shelbyville Rd, Whole Foods Market, Louisville, KY 40207"
758,Lexie Lu's,2.5,16,$,"1425 Quincy St, Louisville, KY 40206"
759,hiko-A-mon,4.0,271,$$,"1115 Herr Ln, Ste 130, Louisville, KY 40222"
760,Beef 'O' Brady's,3.0,61,$$,"3101 S 2nd St, Louisville, KY 40208"
761,Carali's Rotisserie Chicken,4.0,15,,"703 E Lewis And Clark Pkwy, Clarksville, IN 47129"
762,Barret Bar,4.0,70,$,"1012 Barret Ave, Louisville, KY 40204"
763,China One,4.0,109,$,"816 Eastern Pkwy, Louisville, KY 40217"
764,Cafe Joker,3.5,3,,"3912 Bardstown Rd, Louisville, KY 40218"
765,Jay's Burgers,5.0,18,,"1241 East Oak, Louisville, KY 40204"
766,Eat A Pita - Lyndon,4.5,48,,"100 Daventry Ln, Louisville, KY 40223"
767,Indi's Fast Food Restaurant,4.0,71,$,"1033 W Broadway, Louisville, KY 40203"
768,Topgolf,3.0,64,,"301 Oxmoor Ln, Louisville, KY 40222"
769,First Watch,4.0,150,$$,"1205 Veterans Pkwy, Clarksville, IN 47129"
770,Spring Street Bar & Grill,3.5,71,$,"300 S Spring St, Louisville, KY 40206"
771,P.F. Chang's,3.0,288,$$,"9120 Shelbyville Rd, Louisville, KY 40222"
772,Bluegrass Trackside Kitchens,4.0,1,$,"700 Central Ave, Louisville, KY 40208"
773,Puerto Vallarta Restaurant,4.0,57,$$,"125 Quartermaster Ct, Jeffersonville, IN 47130"
774,Panera Bread,3.0,89,$,"6221 Dutchmans Lane, Louisville, KY 40205"
775,Turf Club,4.0,2,$$$,"3123-3199 S 9th St, Louisville, KY 40214"
776,Louisville Sushi Truck,4.5,37,$,"Louisville, KY 40202"
777,Mi Preferida Restaurante,4.5,10,$,"4680 Bardstown Rd, Louisville, KY 40218"
778,Panera Bread,3.5,56,$$,"3131 Poplar Level Rd, Louisville, KY 40213"
779,Which Wich,4.0,35,$,"221 S Hurstbourne Pkwy, Ste 103, Louisville, KY 40222"
780,Sangria Bar at Union,3.5,3,,"125 W Chestnut St, Jeffersonville, IN 47130"
781,Rockey’s Dock Seafood,4.0,14,$,"805 E 10th St, Jeffersonville, IN 47130"
782,El Tarasco,3.5,58,$,"110 Fairfax Ave, Louisville, KY 40207"
783,Waffle House - Louisville,3.0,28,$,"4320 Bishop Ln, Louisville, KY 40218"
784,Encore on 4th,3.0,25,$$,"630 S 4th St, Louisville, KY 40202"
785,La RositaSol,4.5,119,$,"8730 Westport Rd, Louisville, KY 40242"
786,Skyline Chili,3.5,101,$,"1266 Bardstown Road, Louisville, KY 40204"
787,Healthy Living,5.0,1,,"Heyburn Building, 332 W Broadway, Louisville, KY 40202"
788,Casa de Mia,4.5,2,,"Louisville, KY 40201"
789,Potbelly Sandwich Shop,3.5,104,$,"302 S 4th St, Ste 2, Louisville, KY 40202"
790,Supermercado Guanajuato #3,4.5,9,,"5624 Bardstown Rd, Louisville, KY 40291"
791,Pearl Street Game & Coffee House,5.0,59,$,"405 Pearl St, Jeffersonville, IN 47130"
792,Sicilian Pizza & Pasta,4.0,82,$$,"8133 Bardstown Rd, Louisville, KY 40291"
793,Jocks Sports Bar & Grill,3.5,30,$$,"3423 Breckenridge Ln, Louisville, KY 40220"
794,Cracker Barrel Old Country Store,3.0,147,$$,"2701 Crittenden Dr, Louisville, KY 40209"
795,Salsarita's Fresh Mexican Grill,4.0,65,$$,"285 N Hubbards Ln, Louisville, KY 40207"
796,Felipe,3.5,18,,"2420 Lime Kiln Ln, Northfield, KY 40222"
797,Jade Palace Chinese Restaurant,3.5,167,$$,"1109 Herr Ln, Louisville, KY 40222"
798,BoomBozz Pizza & Watch Bar,4.0,37,$$,"1315 Herr Ln, Ste 101, Louisville, KY 40222"
799,LongHorn Steakhouse,3.5,113,$$,"4813 Outer Lp, Louisville, KY 40219"
800,Borromeo's Pizza and Italian,3.5,58,$$,"8607 Smyrna Pkwy, Louisville, KY 40228"
801,Dairy Del,4.5,87,$,"1516 S Shelby St, Louisville, KY 40217"
802,Hibachi Sushi Buffet,2.5,40,$$,"5729 Preston Hwy, Louisville, KY 40219"
803,Cool Foods By Cool Bakers,4.0,1,,"Louisville, KY 40201"
804,Bean,4.0,94,$,"1138 Goss Ave, Louisville, KY 40217"
805,Lueberry,3.0,4,,"5500 Shelbyville Rd, Louisville, KY 40207"
806,Famous Dave's Bar-B-Que,3.5,114,$$,"8605 Citadel Way, Louisville, KY 40220"
807,The Widow's Walk,4.5,64,$,"415 E Riverside Dr, Clarksville, IN 47129"
808,Home Run Burgers & Fries,2.5,14,,"5608 Outer Lp, Louisville, KY 40219"
809,Los Aztecas Mexican Restaurant,4.0,48,$$,"1107 Herr Ln, Lyndon, KY 40222"
810,China 1,3.5,27,$,"126 Breckenridge Ln, Louisville, KY 40207"
811,Red Robin Gourmet Burgers and Brews,3.0,129,$$,"5000 Shelbyville Rd, Louisville, KY 40207"
812,Vinaigrette Salad Kitchen,4.5,102,$$,"203 N Hurstbourne Pkwy, Louisville, KY 40222"
813,Buffalo Wild Wings,2.0,138,$$,"4600 Shelbyville Rd, St. Matthews, KY 40207"
814,El Pastorcito Taqueria,4.0,13,,"4132 Outer Lp, Louisville, KY 40219"
815,King Gyros,4.5,7,,"5000 Shelbyville Rd, Ste 1660, Louisville, KY 40207"
816,Tin Roof,3.5,78,$,"3921 Shelbyville Rd, Louisville, KY 40207"
817,Sichuan Garden,4.0,58,$$,"9850 Linn Station Rd, Louisville, KY 40257"
818,Jasmine Asian Bistro,3.5,71,$$,"2420 Lime Kiln Ln, Louisville, KY 40222"
819,Mitchell's Fish Market,3.5,272,$$,"4031 Summit Plaza Dr, Louisville, KY 40241"
820,Ace's Slushie World,5.0,1,,"1821 W Broadway, Louisville, KY 40203"
821,Rose Room Churchill Downs,4.0,2,,"700 Central Ave, Louisville, KY 40208"
822,Supermercado Guanajuato,4.5,58,$,"6201 Preston Hwy, Ste B, Louisville, KY 40219"
823,Lou Lou on Market Mural,5.0,1,,"812 E Market St, Louisville, KY 40206"
824,Daddy Rich's,4.0,38,$,"617 W Oak St, Louisville, KY 40203"
825,Schimpff's Confectionery,4.5,150,$,"347 Spring St, Jeffersonville, IN 47130"
826,Rice Box,4.0,27,$,"6810 Southside Dr, Louisville, KY 40214"
827,Ten Pin Strike & Spare,3.5,38,$$,"200 Ten Pin Ln, Louisville, KY 40207"
828,Dogs On The Run,5.0,2,,"1200 E River Rd, Louisville, KY 40206"
829,McDonald's,2.0,31,$,"2209 Taylorsville Rd, Louisville, KY 40205"
830,Dairy Kastle,4.5,177,$,"575 Eastern Pkwy, Louisville, KY 40217"
831,The Traveling Kitchen,5.0,59,$,"Louisville, KY 40202"
832,Domino's Pizza,2.5,33,$,"2520 Bardstown Rd, Ste 208, Louisville, KY 40205"
833,Chef's Cut Pizzeria,4.5,125,$$,"9901 C LaGrange Rd, Louisville, KY 40223"
834,Chili's,3.5,54,$$,"421 Hurstbourne, Louisville, KY 40222"
835,Ev's Deli,5.0,14,$,"500 W Jefferson St, Ste 103, Louisville, KY 40202"
836,Craft House Pizza- Westport Rd,4.0,6,,"2813 N Hurstbourne Pkwy, Ste 101, Louisville, KY 40223"
837,Craft House Pizza,3.5,28,,"9601 Newbridge Rd, Ste 1, Louisville, KY 40291"
838,Lee's Famous Recipe Chicken,3.5,39,$,"2925 Brownsboro Rd, Louisville, KY 40206"
839,Five Guys,3.5,77,$$,"4226 Shelbyville Rd, Louisville, KY 40207"
840,Roosters,3.0,121,$$,"5338 Bardstown Rd, Louisville, KY 40291"
841,Wiltshire At The Speed,4.0,32,$$,"2035 S 3rd St, The Speed Art Museum, Louisville, KY 40208"
842,The SaladChic,5.0,9,,"428 W Market, Louisville, KY 40202"
843,Pizza King,4.0,28,$$,"1701 E 10th St, Jeffersonville, IN 47130"
844,Ginza Asian Bistro,4.0,163,$$,"9420 Shelbyville Rd, Louisville, KY 40222"
845,Cafe Lomez,5.0,1,,"Jeffersonville, IN 47130"
846,Tims Four Kings Cafe,2.0,1,$,"4642 Jennings Ln, Louisville, KY 40218"
847,Wiltshire Pantry Bakery & Cafe,4.5,43,$,"1310 E Breckinridge St, Louisville, KY 40204"
848,La Pinata Grill,4.0,5,,"4028 S 3rd St, Louisville, KY 40214"
849,El Pastorcito,4.5,18,,"2060 S Hurstbourne Pkwy, Louisville, KY 40220"
850,Scooter's Coffee,3.5,12,,"4036 Poplar Level Rd, Louisville, KY 40213"
851,First Watch,4.0,325,$$,"201 South Hurstbourne Pkwy, Louisville, KY 40222"
852,TGI Fridays,2.0,143,$$,"415 S 4th St, Louisville, KY 40202"
853,King Gyros,4.0,17,$,"5000 Shelbyville Rd, Saint Matthews, KY 40207"
854,bare paws,5.0,1,,"1101 Lydia St, Louisville, KY 40217"
855,Julees Mocha,5.0,1,,"2900 W Broadway, Louisville, KY 40211"
856,Annie's Cafe,3.5,103,$,"308 W Woodlawn Ave, Louisville, KY 40214"
857,El Torazo Mexican Restaurant,4.0,109,$$,"1850 S Hurstbourne Pkwy, Ste 118, Louisville, KY 40220"
858,Keke's Southern Cooking & BBQ,3.0,2,,"5258 Bardstown Rd, Louisville, KY 40291"
859,Pizza Donisi,3.5,199,$,"1396 S 2nd St, Louisville, KY 40208"
860,Vallarta Taqueria Y Rotiseria,4.0,7,,"7416 Preston Hwy, Louisville, KY 40219"
861,Golden Corral Buffet & Grill,3.0,52,$$,"4032 Taylorsville Rd, Ste 899, Louisville, KY 40220"
862,Banadir Restaurant,4.0,6,,"5600 S 3rd St, Louisville, KY 40214"
863,Senor Iguanas,3.5,87,$$,"1415 Broadway St, Clarksville, IN 47129"
864,Black Rock Grille Food Truck,4.5,31,$$,"Louisville, KY 40213"
865,Alchemy Food Truck,5.0,13,,"501 S Preston St, Louisville, KY 40202"
866,Hot Buns Food Truck,5.0,36,,"Louisville, KY 40201"
867,W XYZ Bar,4.5,3,,"10700 Westport Rd, Aloft Louisville East, Louisville, KY 40241"
868,Tracks Bar And Grill,3.0,6,,"3952 Bardstown Rd, Louisville, KY 40218"
869,Mark's Feed Store,4.0,105,$$,"6501 Bardstown Rd, Louisville, KY 40291"
870,Cuba Y Mas,3.5,8,,"5700 Outer Lp, Louisville, KY 40219"
871,Ole Frijole Mexican Restaurant,4.0,65,$$,"5612 Bardstown Rd, Louisville, KY 40291"
872,LongHorn Steakhouse,3.5,102,$$,"2535 Hurstbourne Gem Ln, Louisville, KY 40220"
873,Club Nirvana,3.0,26,$$,"1047 Bardstown Rd, Louisville, KY 40204"
874,Las Gorditas,4.5,51,$,"4780 Bardstown Rd, Louisville, KY 40218"
875,Bearno's By the Bridge,3.5,181,$$,"131 W Main St, Louisville, KY 40202"
876,Subway,2.5,7,$,"2500 Bardstown Rd, Louisville, KY 40205"
877,The Sporting News Grill,3.0,8,$$,"6551 Paramount Park Dr, Louisville, KY 40213"
878,Taco Rito,2.5,4,,"712 Brent St, The Village Market, Louisville, KY 40204"
879,La Chapinlandia,5.0,1,$,"1209 McCawley Rd, Louisville, KY 40219"
880,Masala Grill,4.0,27,$,"528 S 5th St, Louisville, KY 40202"
881,Osaka Japanese Restaurant,3.0,75,$$,"426 W Market St, Louisville, KY 40202"
882,The Sports & Social Club,2.5,279,$$,"427 S 4th St, Louisville, KY 40202"
883,Jason's Deli,4.0,83,$,"4600 Shelbyville Rd, Louisville, KY 40207"
884,Popeyes Louisiana Kitchen,2.0,82,$,"3317 Bardstown Rd, Louisville, KY 40218"
885,Buca di Beppo Italian Restaurant,3.5,266,$$,"2051 S Hurstbourne Pkwy, Louisville, KY 40220"
886,Pizzaville,4.5,55,,"2901 Goose Creek Rd, Louisville, KY 40241"
887,Lucky Leopard Pizza,0.0,0,,"1032 Story Ave, High Horse, Louisville, KY 40206"
888,Taqueria Don Juan,4.5,18,,"615 Eastern Blvd, Clarksville, IN 47129"
889,Noodles & Company,3.5,107,$,"1225 S Hurstbourne Pkwy, Louisville, KY 40222"
890,Cup of Joy,4.5,15,$,"2507 Bank St, Louisville, KY 40212"
891,Arby's,3.5,6,$,"3615 Bardstown Rd, Louisville, KY 40218"
892,Sugar High,5.0,3,,"619 Baxter Ave, Louisville, KY 40204"
893,Subway Restaurants,4.5,7,$,"1021 Dupont Rd, Louisville, KY 40207"
894,Foodgod Truffle Fries,5.0,1,,"2051 South Hurstbourne Parkway, Louisville, KY 40220"
895,Super Jugo,4.5,3,$,"825 Eastern Blvd, Ste 4, Clarksville, IN 47129"
896,Fiesta Mexicana,3.5,35,$$,"4507 Bardstown Rd, Louisville, KY 40218"
897,Texas BBQ Lady,5.0,4,,"1611 Charlestown New Albany Rd, Jeffersonville, IN 47130"
898,Dizzy Whizz,3.5,108,$,"217 W Saint Catherine St, Louisville, KY 40203"
899,Pizza Bar Louisville,3.0,91,,"445 S 4th St, Louisville, KY 40202"
900,First Watch,4.0,11,,"10639 Fischer Park Dr, Louisville, KY 40241"
901,Louisville Cream,4.5,371,$,"632 E Market St, Ste 101, Louisville, KY 40202"
902,Bearno's Pizza,3.5,54,$$,"8019 Preston Hwy, Louisville, KY 40219"
903,Corner Deil Food,5.0,2,$,"3912 Bardstown Rd, Louisville, KY 40218"
904,Golden Blossom Buffet,3.5,47,$,"2760 Jefferson Ctr Way, Ste 5, Jeffersonville, IN 47130"
905,The Melting Pot,3.5,139,$$$,"2045 S Hurstbourne Pkwy, Louisville, KY 40220"
906,Holy Smokes Bar-B-Que & Catering,3.0,89,$$,"7508 Preston Hwy, Louisville, KY 40219"
907,Habesha Restaurant and Grocery,4.5,7,,"7136 Southside Dr, Louisville, KY 40214"
908,Fiesta Time Amigos,4.0,79,$$,"8133 Bardstown Rd, Louisville, KY 40291"
909,Derby City Pizza,4.0,37,,"9910 Linn Station Rd, Louisville, KY 40223"
910,Senor Iguana's,3.5,113,$$,"3105 S 2nd St, Louisville, KY 40208"
911,Dixie Chicken,4.0,5,,"1785 W Oak St, Louisville, KY 40210"
912,Frisch's Big Boy,2.5,45,$,"1710 Lincoln Ave, Louisville, KY 40213"
913,Louisville Hookah Lounge and Kufiya Cafe,5.0,3,$,"5400 DelMaria Way, Louisville, KY 40291"
914,Bluegrass Grill - Kentucky  Cattlemans Association,0.0,0,,"937 Phillips Ln, Kentucky Exposition Center, Louisville, KY 40209"
915,Potbelly Sandwich Shop,3.5,36,$,"9018 Taylorsville Rd, Louisville, KY 40299"
916,Tea Station Asian Bistro,4.0,250,$$,"9422 Norton Commons Blvd, Prospect, KY 40059"
917,Five Guys,3.5,56,$,"4901 Outer Lp, Louisville, KY 40219"
918,Spinelli's Pizzeria,3.5,144,$,"4005 Shelbyville Rd, Louisville, KY 40207"
919,Noodles & Company,4.0,62,$,"4302 Summit Plaza Dr, Louisville, KY 40241"
920,Good Belly,4.5,3,,"Louisville, KY 40202"
921,La Chiquita Bakery & Store,5.0,2,,"5057 Poplar Level Rd, Ste 5, Louisville, KY 40219"
922,Lynch Lane Bistro,0.0,0,,"1515 Lynch Ln, Clarksville, IN 47129"
923,The Dinner Detective,3.5,11,$$,"501 South Fouth St, Louisville, KY 40202"
924,Cheddar's Scratch Kitchen,3.0,142,$$,"10403 Westport Rd, Louisville, KY 40241"
925,Impellizzeri's Pizza,4.0,113,$$,"4933 Brownsboro Rd, Louisville, KY 40222"
926,El Farolito,4.5,16,$,"2808 Patti Ln, Louisville, KY 40299"
927,Honey Baked Ham Company,3.0,17,$$,"4600 Shelbyville Road, Suite 120, Louisville, KY 40207"
928,El Nopal,3.0,78,$$,"811 Eastern Pkwy, Louisville, KY 40217"
929,McDonald's,2.0,23,$,"3340 Bardstown Rd, Louisville, KY 40218"
930,Brew & Sip Coffee Bar,4.0,4,,"505 W Broadway, Louisville, KY 40202"
931,Fazoli's,4.0,19,$,"6011 Preston Highway, Louisville, KY 40219"
932,Sweet 'n' Savory,4.5,21,$,"Louisville, KY 40202"
933,Waycool Cafe,3.5,3,$,"120 W Broadway, Louisville, KY 40202"
934,Beef O Brady's,3.5,30,$$,"5628 Bardstown Rd, Louisville, KY 40291"
935,Cocal Mexican Restaurant,3.5,57,$$,"10001 Forest Green Blvd, Louisville, KY 40223"
936,Dank Dogs,0.0,0,,"1132 Bardstown Rd, Louisville, KY 40204"
937,Shiraz Mediterranean Grill,3.5,113,$$,"2226 Holiday Manor, Ste 1, Louisville, KY 40222"
938,China Taste,3.0,57,$,"135 Quartermaster Ct, Jeffersonville, IN 47130"
939,Jackdaw Coffee & Bourbon Bar,4.0,11,,"120 S Floyd St, Louisville, KY 40202"
940,La Lupita Mexican Restaurant,4.5,64,$,"827 Eastern Blvd, Clarksville, IN 47129"
941,Red Lobster,3.5,59,$$,"4639 Outer Lp, In Front Of Jefferson Court Shopping Center, Louisville, KY 40219"
942,King Donuts,4.5,109,$,"608 Lyndon Ln, Louisville, KY 40222"
943,Galan's Meat Market and Deli,3.0,9,,"2801 W Market St, Louisville, KY 40212"
944,California Pizza Kitchen,3.5,144,$$,"7900 Shelbyville Rd, Oxmoor, Louisville, KY 40222"
945,WOW Café,0.0,0,,"2001 Newburg Rd, Bellarmine University, Louisville, KY 40205"
946,Green District Salads - Downtown Louisville,4.5,40,,"225 S 5th St, Louisville, KY 40202"
947,Diego's Mexican Grill,4.0,7,$,"5000 Shelbyville Rd, Louisville, KY 40207"
948,J Gumbos,3.5,55,$,"8603 Citadel Way, Ste 101, Louisville, KY 40220"
949,Smokey Bones,2.5,189,$$,"2525 Hurstbourne Gem Ln, Jeffersontown, KY 40220"
950,Which Wich,4.0,64,$,"9850 Von Allmen Ct, Ste 103, Louisville, KY 40241"
951,Blue Horse Restaurant,3.0,1,,"830 Phillips Ln, Louisville, KY 40209"
952,Bombay Grill,4.0,207,$$,"216 N Hurstbourne Pkwy, Louisville, KY 40222"
953,Star Sushi,4.0,7,,"3015 E 10th St, Jeffersonville, IN 47130"
954,Home Run Burgers,3.5,49,$,"303 W Cardinal Blvd, Louisville, KY 40208"
955,JR's Fresh Spot,4.0,4,,"3012 Middle Rd, Jeffersonville, IN 47130"
956,LATino Food Truck,4.5,15,$,"Louisville, KY 40208"
957,Jet's Pizza,4.0,45,$$,"101 S Hubbards Ln, St. Matthews, KY 40207"
958,KFC,2.5,36,$,"3400 Bardstown Rd, Louisville, KY 40218"
959,Gatsby's on Fourth,2.5,22,$$,"500 S Fourth St, Seelbach Hilton, Louisville, KY 40202"
960,Taqueria Hernandez,4.5,5,,"215 E 10th St, Jeffersonville, IN 47130"
961,Waffle House,3.5,23,$,"4029 Taylorsville Rd, Louisville, KY 40220"
962,Penn Station East Coast Subs,2.5,20,$$,"2204 Heather Ln, Louisville, KY 40218"
963,Texas Roadhouse,3.5,123,$$,"757 Lewis And Clark Pkwy, Clarksville, IN 47129"
964,Shogun Japanese Steak House,2.5,144,$$,"9026 Taylorsville Rd, Louisville, KY 40299"
965,Stevie J's Barbecue,5.0,2,,"1831 W Jefferson St, Louisville, KY 40203"
966,El Sombrero,4.0,44,$$,"2784 Meijer Dr, Jeffersonville, IN 47130"
967,Roosters,3.5,120,$,"10430 Shelbyville Rd, Louisville, KY 40223"
968,Shoney's Restaurant,2.5,31,$,"6511 Signature Dr, Louisville, KY 40213"
969,Norton Women's and Children's Cafeteria,4.0,1,,"4001 Dutchmans Ln, Louisville, KY 40207"
970,Slab Daddy's BBQ Catering,5.0,2,,"7403 Fegenbush Ln, Spring Mill, KY 40228"
971,Wendy's,2.0,24,$,"3610 Buechel Bypass, Louisville, KY 40218"
972,Olive Garden Italian Restaurant,3.0,123,$$,"1320 S Hurstbourne Pkwy, Louisville, KY 40222"
973,Taco Tequila,4.0,2,,"937 Phillips Ln, Kentucky Kingdom and Hurricane Bay, Louisville, KY 40209"
974,Hing Wang,3.5,36,$$,"2123 E Spring St, New Albany, IN 47150"
975,Home Run Burgers & Fries,3.5,94,$,"2723 S Hurstbourne Pkwy, Louisville, KY 40220"
976,HurriKanes Food Truck,5.0,7,,"Saint Regis Park, KY 40220"
977,Chipotle Mexican Grill,2.5,123,$,"1075 Bardstown Rd, Louisville, KY 40204"
978,Subway,3.0,9,$,"3006 Bardstown Rd, Louisville, KY 40205"
979,Supermercado Guanajuato #1,4.5,9,$$,"9901 Lagrange Rd, Louisville, KY 40223"
980,Potbelly Sandwich Shop,4.0,43,$$,"4023 Summit Plaza Dr, Louisville, KY 40241"
981,La Dona,5.0,1,,"1506 Berry Blvd, Louisville, KY 40215"
982,McAlister's Deli,3.5,5,,"2100 S Floyd St, Ste W206, Louisville, KY 40203"
983,Hoops Grill & Sports Bar,3.5,70,$,"6733 Strawberry Ln, Louisville, KY 40214"
984,Big Four Concessions,5.0,1,,"1145 River Rd, Louisville, KY 40206"
985,The Fruit Shack,5.0,2,,"1001 Logan St, Louisville, KY 40204"
986,C&L Don't Need No Sauce BBQ,5.0,4,,"2511 7th Street, Louisville, KY 40208"
987,El Mariachi,4.5,112,$,"9901 La Grange Rd, Ste I, Louisville, KY 40223"
988,Smashburger,2.5,54,$$,"600 Terminal Dr, Ste 10, Louisville, KY 40209"
989,Burger King,1.5,27,$,"4030 Shelbyville Rd, Louisville, KY 40207"
990,Olive Garden Italian Restaurant,3.5,86,$$,"4811 R Outer Lp, Louisville, KY 40219"
991,Golden Star Chinese Food,4.5,12,$,"3458 Taylor Blvd, Louisville, KY 40215"
992,Dairy Queen Grill & Chill,2.0,19,$,"2208 Goldsmith Ln, Louisville, KY 40218"
993,CJ's Soul Food & Catering,5.0,2,,"665 Eastlawn Ave, Louisville, KY 40211"
994,St. James Catholic Church Fish Fry,4.0,1,,"1826 Edenside Ave, Louisville, KY 40204"
995,Fuji,3.5,88,$$,"3576 Springhurst Blvd, Louisville, KY 40241"
996,China Express,5.0,1,,"4946 Poplar Level Rd, Louisville, KY 40219"
997,The Waffle & Crepe,0.0,0,,"2005 Douglas Blvd, Louisville, KY 40205"
998,Jimmy John's,3.0,20,$,"3507 Poplar Level Rd, Louisville, KY 40213"
999,Chopsticks House,2.5,16,$,"2112 W Broadway, Louisville, KY 40211"
